ts,token,pair,esik,n_islem,n_al,n_sat,usd_al,usd_sat,tekil_alici,tekil_satici,max_al,ilk_islem,son_islem
1789930049,4gBUMKWQgGtDS3HgwYLZCytvzzNxr8JCE5gVRhj8pump,GDdKchK5DVPTYnGNhuQwLMEW4CVkw8Ndb9Vpyd7qeX8A,1000,114,59,55,95921.71,97346.31,59,40,3770.95,2026-09-20T18:12:21Z,2026-09-20T18:42:13Z
1789930074,94jwPm2zZUoMmz7gciMyqGubfsmub9Z4MUzs6WuFpump,96WopUR8tPBR8xqZdTKBvjU6hkU5UF6beRC6TKyMu6hW,1000,0,0,0,0.0,0.0,0,0,0.0,,
1789930098,Ak2dUwvkPPkXsH91J1i667nvxeKuzMBc4xGmFJGipump,FKsbbbeAfrLDrRExnRGMEfzbesGsMARxX6X7Gvdni8gb,1000,0,0,0,0.0,0.0,0,0,0.0,,
1789930122,EKtmPPLaCbEEKiwoHHtV7TsRsmPXs5CMGtQtZFSiinsc,Bgf45Fjqeobgd5viMX8P8AfhiydRewEFKPd7nmcFNQRb,1000,41,23,18,41562.33,32118.15,18,15,4046.16,2026-09-20T18:47:28Z,2026-09-20T18:48:38Z
1789930147,HVxuEpnDV6XLKZKHSy4d4A2XGpu8VhGDupVSVJBqpump,BHGSWPy8bKT914Efo3mjFCD9RKg2J31bG18UcyrwkdXs,1000,0,0,0,0.0,0.0,0,0,0.0,,
1789930159,1mCakoWWq6C3bjmMU5H6bAcA4UEyZtg27NYg52opump,DszHGJJH3c6qV5AYcmZZNGqz1k4A8iLLfkEk196JsGKk,1000,2,1,1,19186.16,36981.07,1,1,19186.16,2026-09-20T15:42:07Z,2026-09-20T16:13:25Z
1789930171,2oguDsc3BG5N7WdjaJtkeamij9VycCuyCnB455ZaJbXP,E6E8oTz6tPx52eU8q7gxHjAuNZinzituSpGUxcLJdk7R,1000,52,25,27,32965.53,38245.28,21,21,2949.63,2026-09-20T15:20:26Z,2026-09-20T18:17:17Z
1789930183,4QCKwhetNJ2Sd5xKhtmUYw5aC2rT9gKW2W72ix2Wpump,6vEJEappW1ZuFX2pVhQKEaDChrHfGtE6duAor6gHrsRx,1000,1,1,0,10470.03,0.0,1,0,10470.03,2026-09-20T14:43:46Z,2026-09-20T14:43:46Z
1789930196,4wSggrb2CcmxfYdvvKuxw9wsro5jwGnENpUKWvbnFybL,Gnb27QhUmUW5NsWnwkJgBjTg5AuSuJLtC81Aj4i9TShF,1000,6,5,1,5410.49,1237.22,2,1,1091.28,2026-09-20T17:29:44Z,2026-09-20T17:52:02Z
1789930208,9T5vdvHvbQUFYfM4zFi8kiAdp8jTucZuJH9k1e87yZ4v,9sKRhYc3CPqN9goAi1V6f9sjmjZTErmWqEhsvcC9pJdy,1000,0,0,0,0.0,0.0,0,0,0.0,,
1789930220,Axry7dMTys16Mc4XJCRXzibsXkKZPNfgoVDGTCtEtSzy,G7JQWJWKRsfiKqjiRjJwBaC8vsyUpKeHiy8P1z1DGdv1,1000,8,7,1,8495.87,2772.04,6,1,1988.26,2026-09-20T15:50:00Z,2026-09-20T17:50:03Z
1789930232,BPcRPRaJ6yTnUCxY8uUtBqnzwzoJYKBbQVZTWvSLpump,6XpNAkNvtPJzGtagqv2gagHJWkmQ6V2NtNCFbrX8Gfx3,1000,36,1,35,7002.87,44652.73,1,35,7002.87,2026-09-20T15:30:40Z,2026-09-20T17:01:26Z
1789930244,D86dDezNgmi5tYfKbcV8tmsLg41gbQcbZLk8mbdZzQTF,BdMEt2LNvKA2hkZCzB1EoBc7NPrCtpqg4d8B2JTzNJmG,1000,0,0,0,0.0,0.0,0,0,0.0,,
1789930256,F8rFVpXYtsEchbAfKChpTKAjBbtVyCnpX2yy5i7Bpump,6Z3cpe5eUHocMF7YsbnaybC8UH7kpk5HtPLKoZiZpyE5,1000,19,11,8,15643.47,12547.72,9,6,2380.88,2026-09-20T15:41:02Z,2026-09-20T16:03:19Z
1789930269,FRLibb5uaEXpovyajXXY9xsmmBDKv3w53s882cD5pump,8YaEzSmgXUzENx8MA9LwJJKXx52FZxozHUdfM2XKZ9o,1000,3,1,2,17243.76,2323.68,1,2,17243.76,2026-09-20T15:28:25Z,2026-09-20T15:28:36Z
1789930281,zkVWxEHqu71hyZtMggz25R8f2QbxDFC85SA5jWNpump,2XUpNk24X6qz7BxzkPZd1sTC3CLjtHWMKxkn9bKsowoy,1000,4,1,3,24303.51,46182.83,1,1,24303.51,2026-09-20T15:42:01Z,2026-09-20T16:24:03Z
1789930293,6tD4b8dwwAcTTUq66fm4UrHMAEUoRbn2sqhtWqjiYSyd,CmYZu4MtF9Y85Nbqknk2pGBUuBPEWdjUoCrY3rFHcjEA,1000,0,0,0,0.0,0.0,0,0,0.0,,
1789930305,GVTzqNkdzEjRam3Upw9tKPWwTarRNQdRanNsb2LFpump,5RxXc4YDd1Rs6bYBQ4b4LGs3iaTExSXMdgckNWLt4Afa,1000,4,4,0,7675.51,0.0,4,0,2055.61,2026-09-20T12:39:32Z,2026-09-20T12:39:32Z
1789930317,HH1zjhSNc34JfwenaPda1RbihPdAs4F921fUeq3XaUaN,55z2c5QWnSxquTYRssBYXDQhPduiW1iZPioJjoNSE7bP,1000,0,0,0,0.0,0.0,0,0,0.0,,
1789930329,UZ9ZtoBnc5J8fSvnckaKf4WEg8GBMhZQjSK1Qb8STNK,4vVbHCRXbLFTPJkCDPWXmsV1ANLPmYhJ1kYdUXDws4PJ,1000,13,9,4,12475.3,6914.32,5,4,2124.25,2026-09-20T05:10:02Z,2026-09-20T13:03:59Z
1789930341,24CYGWV7fWH8DXruiFsFsW9mi4nEjPWanRczqeJDRf7c,7Rza9Bi9CM2kSmMdT9pJp32FALWWe5xfm5tVFSmP4pPo,1000,0,0,0,0.0,0.0,0,0,0.0,,
1789930354,29AVpcBWCVthgeL25o7wrTrTU2i38rKic4YUkby68mwM,HLMDtkiUQSto54KQGBQjnYhkxxSaHaTMJUHe5ExWy3WJ,1000,1,0,1,0.0,1004.4,0,1,0.0,2026-09-20T09:49:07Z,2026-09-20T09:49:07Z
1789930366,2JLmJgWVr1qwwEiDRLtDFSJGTKZrMrvHD4rHFhAJpump,5KFPHXrUfKhco7j6z4ALgkTq235vHhv7cag9Afr6CnfF,1000,0,0,0,0.0,0.0,0,0,0.0,,
1789930378,2LarnSMAsWGKCqfEP9a7tvCjRAXqHB15cog23C3g5NpT,7E1PBhPb4x6dAZEbDLjRQfJeHojv6ZBBK14wz8aksw4k,1000,0,0,0,0.0,0.0,0,0,0.0,,
1789930390,9R2h7qEK6wUq2LCN752zidTJ9GfLJXvKC2vUY2ZmeYxo,6KDYyahVVMEeQRm6A5oHSu2rXWeh4rmGUw5AsbvLHNkP,1000,0,0,0,0.0,0.0,0,0,0.0,,
1789930402,B7ULJJmxJU39ExVYoPeAuKtPgX2xovGrrSHbJkU2SNMh,3uBbXSzorhnhbra1MWVPW1tCZVGmR6twSUKFoyr7TQLZ,1000,1,1,0,1011.56,0.0,1,0,1011.56,2026-09-20T09:34:20Z,2026-09-20T09:34:20Z
1789930414,BVoqJpmPe28qSZS2krkHC8pHd172ECP4AftieUmFzupX,44chMCwejwutuQyGcXSFQuB13cZda3b2PyXKtDcXYh3H,1000,1,1,0,1013.16,0.0,1,0,1013.16,2026-09-20T09:40:21Z,2026-09-20T09:40:21Z
1789930426,GxF38JAhp6geirV9ihk6NJwu7LaNbfvVhG19YSGRtkiG,DkzFu6tgVVuVfNip26CHDM7dhi1TteL9HGgnHGn7noF9,1000,0,0,0,0.0,0.0,0,0,0.0,,
1789930439,4V6Zf9wXXPJHFRW8iNBLRSRY8fMP7up8ET3oMz6YSZDX,8X7gKWS4teYaumM31PKKjQrEtUABQkyf3t2DCu22AcxD,1000,0,0,0,0.0,0.0,0,0,0.0,,
1789930451,6oeiky8G8ZnuvadARQPRMkV6FRz8ALKd579ZuXhKSTNK,HixDX348FLzFZCwef9EeCsdCYVz7HP4hp1zkC14DCftd,1000,202,86,116,138621.91,177368.26,57,69,7136.87,2026-09-20T06:47:39Z,2026-09-20T18:48:56Z
1789930463,6zPkRP1ZrWpXjnbLCo81qpt9YdvL1ijYaY3QEM1WCffU,A9TeUZE3NqJDMkTRvHeoD7jU4rzGLE1Zw41S7MJofoMX,1000,0,0,0,0.0,0.0,0,0,0.0,,
1789930475,7jjSBCxUiVBsXqiBfnMVjucXgNJt68LBaVmpsBU2RoPP,GSxGuX2hreXg5rM9E18doB5QXMWa8nEWEi3quY2t3Td6,1000,0,0,0,0.0,0.0,0,0,0.0,,
1789930487,8A28MbeLZ7331GriKkNGPTxFUAf1hhxzX9MQXXCDWBpP,BDpc3VF8X9gbvezoLHmY5hUB2JnN15rCHfdFXSFb1LUK,1000,1,1,0,1124.9,0.0,1,0,1124.9,2026-09-20T06:46:49Z,2026-09-20T06:46:49Z
1789930499,A5s6wbfw92KBr6x2WxxhnPGXdLPNhtR8DsSYG8Vpump,6yaq6nKYodHKXHtYFQkwJh4Ar9R24nqQFNyGRGkQa2YT,1000,0,0,0,0.0,0.0,0,0,0.0,,
1789930512,A8vkamSy8Abf6Q5PqJYJjijyye7k31PNSbZotbzbeox7,7iREwbsd3FWTAmFtjFQp42igoxdSiCiJWXhC7dzFEtHv,1000,0,0,0,0.0,0.0,0,0,0.0,,
1789930524,BQ7mfn1KXaeE6hLypWmv13WkJdBzDGfj6JHesb3CuENf,AxwbmdGCGbDtvt8EyMkWZvDxqAPuLfq3iRfkW7VafSmx,1000,0,0,0,0.0,0.0,0,0,0.0,,
1789930536,EHHhGsEegT7ygTmY2zY4DzaZaCUPA1GVcpKojd468Cp8,8yVMA4HBiFSNP96B9h8o3pHfh8mwv9ikVaiD8cQ1y6tH,1000,1,1,0,2997.82,0.0,1,0,2997.82,2026-09-20T06:47:08Z,2026-09-20T06:47:08Z
1789930548,GPMXhmmp3coKm68DKEg3MsuhJmXeU8XjywAgU48Cpump,4vxTenawzzMhhbnNVeYkn7kUMxS78zigk2hnpZRd7Jir,1000,0,0,0,0.0,0.0,0,0,0.0,,
1789930560,25YtfFX8DWMA8zwyJKEb9FrYDLxDSa1eqPgZBqsrpump,35u3akjkGT4ze5PtcCkSvt6NwL3wsqY5z72GS3eAxuCx,1000,4,4,0,8600.99,0.0,4,0,2292.59,2026-09-20T06:22:01Z,2026-09-20T06:22:01Z
1789930572,2MtzWNXouEp9MwJSh8dVCGFRjdFGzGXz2xFQoaMaYvn3,7zX4PeiAifW3EfSnymkGzEtHAxMToQRN9kjot9y4iHBv,1000,1,1,0,1071.91,0.0,1,0,1071.91,2026-09-20T06:21:44Z,2026-09-20T06:21:44Z
1789930584,4KxtNWc5XTL3cuyc8PJMchqB6RYggvEFeMub727GBAGS,4WzfxBthxkz3YdFrJV9VUwN3pPXGRnCojLCUrMeyLcjR,1000,1,0,1,0.0,1068.33,0,1,0.0,2026-09-20T06:35:23Z,2026-09-20T06:35:23Z
1789930596,6R4Qkxi86SDqydpvk2c7YnkYKA9rLgyqN7bBmx7jqnu1,G9LVtPPoYURuPnBKvP5aLd6T1VPWyrRp9kvugmnJ79qo,1000,1,1,0,1073.58,0.0,1,0,1073.58,2026-09-20T06:19:40Z,2026-09-20T06:19:40Z
1789930611,72qdjY9F1ZtLaB8nJTrkX8ek3mudB9VFhKAK1Fti2HrY,GJrdPGjivHsjd55RMbGxjGe142EcRDQytRRAdwoSpYP8,1000,19,15,4,17915.65,4717.51,15,4,1970.64,2026-09-20T06:09:49Z,2026-09-20T10:44:16Z
