ts,token,islem_ts,tur,cuzdan,usd,tx
1789420908,3897aakpGi8qXCnc5d6QSsGCZdhdoYbzpdbDPpwYwBxT,2026-09-14T15:06:56Z,sat,BHChUxDdzyu75bEAMJcGkRNb2KYenBDFgRozLyDBoCxC,17501.59,5ZYfxd2wYQLiKnvTtsGZyyPHxNCTQuwqFB6ec31GcUiiULBKQ648ddCQKCnhgw6hBp9qAwnmyfN8VLSbEYUJK2gF
1789420908,3897aakpGi8qXCnc5d6QSsGCZdhdoYbzpdbDPpwYwBxT,2026-09-14T15:06:45Z,al,BHChUxDdzyu75bEAMJcGkRNb2KYenBDFgRozLyDBoCxC,17500.0,2v4WpTyER9tmMuRoLSKqLRs8o1vjcSaxKdYdj6NeaigTMMLESfmQGFfAyLcjLN2NFNBbuhLtDkx2ZjsHdUq5f1Ei
1789420908,3897aakpGi8qXCnc5d6QSsGCZdhdoYbzpdbDPpwYwBxT,2026-09-14T10:39:56Z,sat,BHChUxDdzyu75bEAMJcGkRNb2KYenBDFgRozLyDBoCxC,21446.02,4MUZ6LK2aYncSesxGKhJGAJ3WuuVyfwvRsVEbXj9X482k4uGKQ2VM9cEaQqDwWtKuPtXsnoyoFvJLUMNdvqJbqCr
1789420908,3897aakpGi8qXCnc5d6QSsGCZdhdoYbzpdbDPpwYwBxT,2026-09-14T10:39:49Z,al,BHChUxDdzyu75bEAMJcGkRNb2KYenBDFgRozLyDBoCxC,21500.66,4caRmp3jSDjzdTcsTpxT6NPQaXvvjaTyVxA6mnSYQW8ChenW7o7ZDbacso4gRh9U7ZfpP5inGo543ko6Dy86VNzL
1789420957,5KWD82bPEYPqH9vbzTTLKkJ7fvXATsK2KfAvTiCp3oH1,2026-09-14T21:13:28Z,sat,5KXDF6QnqhBj72hDtJNkkpFaQVUfbFXNybMsp3DiK6tD,3986.18,3Fh2rabTsw6SBkabvUwHRx7HeN7bYsqURQK7bQAsNDfSebLKrKNc4xjRR93uNbERw8zddT73ncM6DYiGRvbF66Ac
1789421080,Hh2waXY7qfq5GUyQuzr3AJo29g9hTVThdjfHRB1jHNRC,2026-09-14T11:20:32Z,sat,AEWUYPTkrDjWKRgJsH99D7CuUTwBoa7Ff3UqgRN9QxtN,2581.54,JYwfT6DiXach9sMsGAURfPpr4v3EHodih6iP6MUFktVVVSPS5WNaRzrRfhBozXgazxQz8UqsAnR1Y2CqSAUxxrF
1789421080,Hh2waXY7qfq5GUyQuzr3AJo29g9hTVThdjfHRB1jHNRC,2026-09-14T04:23:58Z,sat,AgmLJBMDCqWynYnQiPCuj9ewsNNsBJXyzoUhD9LJzN51,3097.64,3VRtTUv24aQucgsa1r54PWN3KdiGgykNUpcX2DK3qVYD6Np8D1vjTQHsXTzt15o4pUJcW1v8j7EpwkQvC2e2YSpK
1789421080,Hh2waXY7qfq5GUyQuzr3AJo29g9hTVThdjfHRB1jHNRC,2026-09-13T22:18:14Z,sat,G9Ft2duZrj27qdwEYun8hJKoxM7zz7GDL933Vsr2j9RW,3152.11,2RBVpqxJKrMBMwqPJKj8Gf9BwrWP6AfjeaubACy21NDVSwc3Gk7bSH7eDSUh16hT4UfcDiMB7cMh1xi56e99Y5Qr
1789421116,4qxeVz5JTsVuvejwAe2o8DFcuchKvwNjaqz1c5ubEAFo,2026-09-14T18:55:44Z,al,83b2LMf12aLec92kur3duRA8VvUkLaXUtML31aCcZNCM,2969.63,528CSAYnPXf7ouj8RF4ZmVfarVTC6cVNunGZAoNS1PJePiooPyJ1j3uG3MFvdrSpkU6ohEbozJRVTFS1nBuvTsAJ
1789421116,4qxeVz5JTsVuvejwAe2o8DFcuchKvwNjaqz1c5ubEAFo,2026-09-14T18:55:44Z,al,GWAHSNiqQgH22BeumJevpcK89dgQgV9VUMtq3oUs5H9C,2567.01,2CshfKJUjEsPoquUb8dWE87gNQWHi2qJtvXr9oVTZzaSWzoJPJuvsVBpBWrAunQ26LSSsS85tE1jiEKFkydFSaCQ
1789421141,7YkVB7wohCf51NFWMWY2h6FHpJsYa8VZVDvAczx8pump,2026-09-14T17:07:34Z,al,Cf3nWbwnKAiPneaxDmByK9DiEiLxxnVxvvnQ3BdFhBJx,2991.46,4eMezaZfiXBUSgAy1DjwRHMKkC1Fpr1EoL4wdYDyaRHTQHp7X63LdQo6Rf8XnmJv6m7HLJUuNq54gq6nfBM7w21N
1789421153,8VJ9ksmzQbVnz8dzT9ggzo3WuXtxnurBqLAvLGFGSTNK,2026-09-14T17:56:31Z,sat,5KXDF6QnqhBj72hDtJNkkpFaQVUfbFXNybMsp3DiK6tD,2572.98,5xfdcZZDAmzKSLqF8vLPwcNP764uXn5cMTn1B1a5bQrQt2ZU22o5mHTShhVG8T9fSD1aNi2b9QErTup7t2RVnJct
1789421190,FZ9BqVmfANPMMD6DogBmkn9uXBPqivNhr1Gu1awGgprS,2026-09-14T17:45:52Z,sat,5YRgrP3mjGzrzirYYN5HAQH19cTYREYwGxW6XRJQUzij,2851.61,n3xP46SFYgpZCJaT6f3tLkqCWPwawWfSEDUB527QSJ24eVBbCHb24enKD2VVe24ERgwx7NakFPoqia4o3djramd
1789421202,HrZh7koZFedTSHng4bVmhULwejpmVdSKUYxaf2N5im1b,2026-09-14T20:56:06Z,al,HwJVbhDQxG1qpQzk6h4MQ5pbpVfnjfXCatUsu72kvKfK,2513.02,34YnSywyUbfrAhvcieUsMEEC3FAfo5CiZY4Ab1HrNxLaQzMiosfqsKTbdygonshNSWPsJQXnuwzvrjc9ob2W75Gr
1789421202,HrZh7koZFedTSHng4bVmhULwejpmVdSKUYxaf2N5im1b,2026-09-14T19:58:34Z,al,GwXhn6ctK56xZMQB2cH2t98L4ZepcrJE1SRZC97xDQvu,2573.68,4f5dZTw9WR3u5baqxqvBdhT5GaMH96xjGGw1DmwpPnBFzwkYbFYvhWgmssRqdc22GAMVMRTPv6iVQLT5hsj5wSqr
1789421202,HrZh7koZFedTSHng4bVmhULwejpmVdSKUYxaf2N5im1b,2026-09-14T19:53:37Z,sat,8omxC22s8T42oJ7gB56i3kFUzT1651uf6QopE2scKTWG,3338.74,3waGBt2AgrGNaGfdtqJytcZaC3hQWcqk7BUWkkMLqB726DPx83k1hYTE9RfaiHd8FUpst9ihxnRzbBxMbrYYGtTM
1789421202,HrZh7koZFedTSHng4bVmhULwejpmVdSKUYxaf2N5im1b,2026-09-14T19:31:03Z,sat,C31s8y9zXnUbXzejPQ4ZaUj8JdR6j3zseAAcmDr8k51x,2605.88,2UKddArD7Mr7s2Gf4ckidyL3jZgGoU3rdsLvY1tb1dSENGwwb4gPLSWgTh2m24r85HpvU3GufYSSDPcRVjfoHmAp
1789421202,HrZh7koZFedTSHng4bVmhULwejpmVdSKUYxaf2N5im1b,2026-09-14T19:23:21Z,sat,3gHrfi6t4xG2KEH4gga9HxLRYqws9iTKdkLG55NwaTZJ,4783.63,4KzHTAGcgAFS2Ghmhq1erWzLSGwHzkAYhAinbd77Ffnrpgs9HPKrcH6Z4HidDCXYguxkczWGQ3qSWFdTdmPiidAo
1789421202,HrZh7koZFedTSHng4bVmhULwejpmVdSKUYxaf2N5im1b,2026-09-14T18:56:03Z,sat,811fAKQZCqeSdgkA6i5wpnNPfYdZpT6VWgK14HtJMYLP,4821.15,5qRLmH5qY6HeJrDJEU25JZ2KYH86pqNkGwntstkUtUhgow2TWSTdz75DBburjLa4zCcmfCwvmHnjUkx8GbYPs87b
1789421202,HrZh7koZFedTSHng4bVmhULwejpmVdSKUYxaf2N5im1b,2026-09-14T18:54:59Z,sat,4ng4mJcYdQ3Xkc1qiVYe9gouBTsEw1K5KCHFMDhqvtMz,3467.77,o9Lx8sUqdDeQkGodWvLRDdfkwY1sHhRRuWTwtHCss8f2SrVhG7LTxxDDS6ohYhY4jDGJwHGnmYoYKgNVvRtYorn
1789421202,HrZh7koZFedTSHng4bVmhULwejpmVdSKUYxaf2N5im1b,2026-09-14T18:54:38Z,sat,35VeCaJMtACjd6Tn1nGCrg9rcMqhdphMSa7wrUFdh6wB,3897.18,5yqjGteWQ9bxMtLtJsR6EuGztE8srErRtFJ4JbwHZzqJDNaKxdx9eDYYGiohvg9aUXpUV7e5yP9QtHFfuPtMBAGf
1789421202,HrZh7koZFedTSHng4bVmhULwejpmVdSKUYxaf2N5im1b,2026-09-14T18:54:38Z,sat,AgmLJBMDCqWynYnQiPCuj9ewsNNsBJXyzoUhD9LJzN51,4091.24,2c6LWeuLracAZ2TvdyFLa88hAprTnjVXsDtr6ZQgADLKdLtRbikVoJtkWFPweeinDWQ4JudYuZ4UXNkGmNmVQmMu
1789421202,HrZh7koZFedTSHng4bVmhULwejpmVdSKUYxaf2N5im1b,2026-09-14T18:54:30Z,sat,35VeCaJMtACjd6Tn1nGCrg9rcMqhdphMSa7wrUFdh6wB,3296.76,3mXWfUxmrW8txiMNmLWxTBb5BxmyimdL9ZmMa6kJxiWoSgkGUrVeaVzBDtW5zj5KmHu89Cse1tcWPGFmoQMjnp7n
1789421202,HrZh7koZFedTSHng4bVmhULwejpmVdSKUYxaf2N5im1b,2026-09-14T18:13:46Z,sat,3gHrfi6t4xG2KEH4gga9HxLRYqws9iTKdkLG55NwaTZJ,3737.01,vhEqLPDsFcYQSeph1WKawMdR4DyE4xVkTa8K94SfqoTgBD5xEwq2S2GfSH7DPUV1BaPkfmEWbfruQzQEYtCAxmM
1789421202,HrZh7koZFedTSHng4bVmhULwejpmVdSKUYxaf2N5im1b,2026-09-14T18:08:58Z,sat,5KXDF6QnqhBj72hDtJNkkpFaQVUfbFXNybMsp3DiK6tD,2961.85,3S5PP7SstETJLve3HkpstMEBqZY9wn2VCqumaXU9Z4mHLqbUGDWbh2aedJ7CGxbWwiumtXR2QaEDFNShnmNuT5Lt
1789421202,HrZh7koZFedTSHng4bVmhULwejpmVdSKUYxaf2N5im1b,2026-09-14T18:04:07Z,al,6zMVSeukMUMKu5tDsECh4QMqrCRZqTbTvuawztFfwNti,3978.69,4txvHaZWrCZ1ABsm4eDUZbJbmaXAerKzmjLUyWsSQq5u2phMhjiJsAu5vXa7hZ6tECwfoPABUKLoRvxZhC4KCGLY
1789421202,HrZh7koZFedTSHng4bVmhULwejpmVdSKUYxaf2N5im1b,2026-09-14T17:59:45Z,sat,BCrTEXmWutwPz8qv6w1S5gDbaLnSLpXKM5kSGVWyyfxu,3244.05,3qN7akf5sRGohmdLrEBBNJtjiaB8JfDterj4Jr7CVBAmsGbHrFawirCz4eHr2ucysUJkiykDRtDQ2x34LZvhgcq4
1789421202,HrZh7koZFedTSHng4bVmhULwejpmVdSKUYxaf2N5im1b,2026-09-14T17:51:53Z,sat,5KXDF6QnqhBj72hDtJNkkpFaQVUfbFXNybMsp3DiK6tD,2524.27,5H1wUWF6oiFwB8J9mwa5w4NjQikS9QBD32c9LaJka5zv5YmdThBgQXreUbjCoBJgtBAkwdjYAXRfaq96rCT3ntQ2
1789421202,HrZh7koZFedTSHng4bVmhULwejpmVdSKUYxaf2N5im1b,2026-09-14T17:46:57Z,sat,5KXDF6QnqhBj72hDtJNkkpFaQVUfbFXNybMsp3DiK6tD,19160.75,ajuFLa5S4krd4AHoM4dd6uNXoV8iaS5yDC6e77hFA7HaVmrRgroLiDgKzqwCefD26oCfPuVVUpwkDZrshei38EP
1789421202,HrZh7koZFedTSHng4bVmhULwejpmVdSKUYxaf2N5im1b,2026-09-14T17:45:32Z,sat,5hAgYC8TJCcEZV7LTXAzkTrm7YL29YXyQQJPCNrG84zM,4394.13,v3PDQcWu3mR3ChoQUwoSiB8S8vEkqGifoQkajnaXwV6VkGqnCRrQbQqfzdsEtPRw3XDnajYG8MpJvy9cQkPCBiX
1789421202,HrZh7koZFedTSHng4bVmhULwejpmVdSKUYxaf2N5im1b,2026-09-14T17:41:30Z,sat,5KXDF6QnqhBj72hDtJNkkpFaQVUfbFXNybMsp3DiK6tD,15212.76,3KFK6ybs71gXEzbxPYGSAYAuCJCWB3Rv5DskUEKSd1FhL2zYugsBj3SFuDp9xiWDL5AhAUp4Uw47eiCmS4uyzX3n
1789421202,HrZh7koZFedTSHng4bVmhULwejpmVdSKUYxaf2N5im1b,2026-09-14T17:40:35Z,al,5FnE3q4tcDkEjRGuHgcxoBLXoZjWXDE5xEpJyneHDc9g,4995.0,4Wz53eqKquWiJYVKLP45qxDQXFgGwSGqyYFcVd6SZHQvnv9mA7StrwTGiDnS8GtvoAxqtnyPBFcWKnbSBFqYA4pP
1789421202,HrZh7koZFedTSHng4bVmhULwejpmVdSKUYxaf2N5im1b,2026-09-14T17:37:27Z,al,5hAgYC8TJCcEZV7LTXAzkTrm7YL29YXyQQJPCNrG84zM,3082.74,5ksS8sYaXV69fAMxVcF36JD4AWvihvtQ18ZMmpyn7yRgGpR4pHQ2SSFJ1gmCYcDGjHfLRiHBan5KnXwZ1Z2X66EQ
1789421202,HrZh7koZFedTSHng4bVmhULwejpmVdSKUYxaf2N5im1b,2026-09-14T17:36:19Z,sat,catK9v3gp2dd32bkUxDEst4BarwDoCL3pkFfVoVjcgi,3499.2,5Kwh1VJGwA2zXe2Z5tWbVoLfWckniRPQFEnkRMxgj6D1BTfrC3fD9mGsRmhXYYc2poi2eNgBQhkWefwDUjN6MNLz
1789421202,HrZh7koZFedTSHng4bVmhULwejpmVdSKUYxaf2N5im1b,2026-09-14T17:36:17Z,sat,4ng4mJcYdQ3Xkc1qiVYe9gouBTsEw1K5KCHFMDhqvtMz,3808.32,5bjoH1UBgyRqoLV5tycfvAJzNBuWRZBEkVKyBLoxu8vVJktMWsK9u113KaaySGAXK3R5HvFQuJw7MXaWzcyHvA1u
1789421202,HrZh7koZFedTSHng4bVmhULwejpmVdSKUYxaf2N5im1b,2026-09-14T17:35:12Z,al,6S8GezkxYUfZy9JPtYnanbcZTMB87Wjt1qx3c6ELajKC,2519.21,4jzAbF8HFmkQStCAtiLumL9Co5RSq789XrvA4GcoAyUYE2EiKa8TDNepq9nrG9N3Nag59fegTYBDxCYrdx4rHsu4
1789421202,HrZh7koZFedTSHng4bVmhULwejpmVdSKUYxaf2N5im1b,2026-09-14T17:35:12Z,al,6S8GezkxYUfZy9JPtYnanbcZTMB87Wjt1qx3c6ELajKC,2530.0,5yx92BmyiPNzHRRet9zJxKKhQnS6sQuXQ85DUsxGQ5y8ykEcWcNHQh1Eg8oQGAt6njur8ymzagHvs8hKp2uckfsn
1789421202,HrZh7koZFedTSHng4bVmhULwejpmVdSKUYxaf2N5im1b,2026-09-14T17:31:27Z,sat,5KXDF6QnqhBj72hDtJNkkpFaQVUfbFXNybMsp3DiK6tD,7884.63,twJZQRUXxHinqw85vE5yqQhi2HfkCX2JhR5sxyiEqvYYc6dK3mgABtu1CEw51gNDXvPa1dLq3Xd8dR1jLQqBemq
1789421202,HrZh7koZFedTSHng4bVmhULwejpmVdSKUYxaf2N5im1b,2026-09-14T17:29:04Z,al,FB3xYp7yHo78sGTjoPhkwBkUEHZgFfRgFs8aRJLPe7yk,3942.48,3qRvKsH9sxwL4b95ooCxVgo5vjkFWSELpEzxPN5pH5mYJwtUwf4vgQ2Wfo1X63ZwKSHAM5sS3Z7BFWo9Yw6YyEwZ
1789421202,HrZh7koZFedTSHng4bVmhULwejpmVdSKUYxaf2N5im1b,2026-09-14T17:28:29Z,sat,7yuok2NRQbScYtQowncLhCxYtRGAhTT8MddzdPVXrjdm,4162.41,5xVvnZucw8No6udsfadMJ8QFiKk8M2mbrNRUyR13ijPM22W3SjcWKM3g6uWEAphxiTT85WpHDPoNawvRGxXsk6RB
1789421202,HrZh7koZFedTSHng4bVmhULwejpmVdSKUYxaf2N5im1b,2026-09-14T17:28:14Z,sat,BF6GFz4xJHXzvPXMzawRQ9DK1CgXhnXNeqiC9jTnfPKx,2758.75,3jFgwBQBrTqVLR6omNakGcvNnntucTWB2DETfZP6xgJ5ZxcmBNqKP44MU5xp1Srx9mQqPJiPtQZ8VUJ8kkQzL1Dd
1789421214,J6AzegrwPyA8ti3Q6qvByEqM4r3E77A62xSdGZ7Xpump,2026-09-14T17:23:50Z,al,5JDKfwdCgFruRV2uqu6oGijdRgD1LAwZzndPMf5XXXki,9959.41,4LEcgYbomhKstFVMHMuU5so4u2iua6wBr5ZimTKj4AhvYBFKFFoZPerp639gqTBMUZ3pa6Ln7kJi5Q7BDM7kxKx2
1789421300,KfsYU4ihUQwQ1ymGm6WRnLNmof9e4sfmjwJUQrmpump,2026-09-14T15:21:02Z,al,AYE3JFY7bZcBziWYae8kTJLwPQFaRoLN6ZSTFAkbt7ts,41019.39,5NZnVQo4uDdRAAifypSfHNJrBZ92B3NjuD1mYyBRLDSDjx65hBKJUvfVQMHhuaXeUVcbCtCNTq4gp1FMERDBUkYW
1789421313,SCHHJ3jRdSjeFEVAaLrnYdx3Brphn92Ys7z1qkiCtPX,2026-09-14T21:20:26Z,al,4CEn4Cb99DoJ7UGq5vG52stbvKvhM2ThyRvGtiwTrLoA,2791.17,3qkGeeYEwyDAms3gb1NE8apDev7RSr2MiuydYWEmbRdQ9p9gJub63mocASUEr995pWTaAnK1xa7XjLCRzzkTFBAi
1789421313,SCHHJ3jRdSjeFEVAaLrnYdx3Brphn92Ys7z1qkiCtPX,2026-09-14T18:08:26Z,sat,7abckZGZcXN32Fg3H6AbrZhXHhRijsaW1yDT5RJBn62b,2830.8,KUj9EamsZ4azhhqDXwTRCGoT2ne8ftYAiVfJgeLrs1BPJJLiDp2m2hrZXYng4qRDB9Hwv6vMvYTATLi7BBGFwt5
1789421313,SCHHJ3jRdSjeFEVAaLrnYdx3Brphn92Ys7z1qkiCtPX,2026-09-14T17:58:09Z,sat,5CEbueQnq1Ym2uSSx2xXds3jQAqT1BDnkA59RZobSPAG,3167.99,3WAe4KrnPUxXUinP33MF29nffR7WZ4baXJ59c9zFRRWHqxCPYBPzsnGEkYh6KgttAZeDGS1aByvwKXeebNdBUnvL
1789421313,SCHHJ3jRdSjeFEVAaLrnYdx3Brphn92Ys7z1qkiCtPX,2026-09-14T17:49:50Z,sat,7abckZGZcXN32Fg3H6AbrZhXHhRijsaW1yDT5RJBn62b,2542.19,5DHCTLTZGftwDxABSKMSFJfR3r3XZ237zz5Wr2LJ7RSVpto1ciPT6C4VAsD2ipcRqSWF8zPnRiMEvHZfQj977SPv
1789421313,SCHHJ3jRdSjeFEVAaLrnYdx3Brphn92Ys7z1qkiCtPX,2026-09-14T17:39:10Z,sat,98XyGmoFC23d88WbSiNgEBrmZEXmfsLizre9MBpLEj2F,5696.52,iG8fMc1AV5SoPkYtgkarTshUecNPvZ248n3MzQkEe4R29o7XQisSUTJeawPLqo1RZxv3SEgCsSz73LisRa5SULX
1789421313,SCHHJ3jRdSjeFEVAaLrnYdx3Brphn92Ys7z1qkiCtPX,2026-09-14T17:36:37Z,sat,458aGtmE9UzRhA94hz743NyRv8p7zxNbjcgxV1m8Ukre,3495.4,2gf6VntCrv5TH5jTrJR5DyYxcX6QzL6QjCj4ofx3QvRQbTnLEuYV5B8N76GSAwnC2KsEXuyAtctqaTGXJ5oMG72P
1789421313,SCHHJ3jRdSjeFEVAaLrnYdx3Brphn92Ys7z1qkiCtPX,2026-09-14T17:26:59Z,sat,8bFb9Cns3c2psV8wTqWgMgK7wsDaHPXxoXDgVpBKvgGV,9384.96,3LhP4pEVS2zhHiTE5kgUqcgMbCR5DbNZW1p6wZSr3H3uq3wW4PjjSbo8oqvAfT2Ggi8FkCeGUFqADK3ufaZCDXJe
1789421313,SCHHJ3jRdSjeFEVAaLrnYdx3Brphn92Ys7z1qkiCtPX,2026-09-14T17:24:51Z,al,8bFb9Cns3c2psV8wTqWgMgK7wsDaHPXxoXDgVpBKvgGV,8397.42,3hEZ6zZeGzgDpu8XNo9TWm97yY9BARCgybrmZdjSsVQDPzW1zPFuhfCMyw3Z4Qn6rV9siN7JCjeqbahuRQnJ3r4q
1789421313,SCHHJ3jRdSjeFEVAaLrnYdx3Brphn92Ys7z1qkiCtPX,2026-09-14T16:34:32Z,sat,CMFkL6PvHB8kmU8GgGSfojCo3s3bt7suQ99popyeQj2D,2568.76,23CCCW6LET9TLQujaAoW76sxNT8yaYtYHkoTKCT4hoyzWWkqSTocqqTtW8kCPwq8LCMCn5bidSu2Bfr1KYLjiv9X
1789421313,SCHHJ3jRdSjeFEVAaLrnYdx3Brphn92Ys7z1qkiCtPX,2026-09-14T16:33:42Z,sat,2DxoMGxskZtQwtuJB4RnbSMm4V8WmKzGP8HmK2uCRM64,5731.99,BTy2L9fKhitT4JsLegB8y3gMTEBYSRZ8tqx1iErzMHihYDx8khBKgUBP3QtQQqTcM5orvFfn4NiEc1k1DkbfTin
1789421313,SCHHJ3jRdSjeFEVAaLrnYdx3Brphn92Ys7z1qkiCtPX,2026-09-14T16:33:37Z,sat,2DxoMGxskZtQwtuJB4RnbSMm4V8WmKzGP8HmK2uCRM64,5732.9,3cUcAWKkNXQKvD49rGf4fVEaVDH7oBgEfduG1eXBHmkG1wLppRSQj9fzxWg8T5Shb6vJ7JMyN9mDNApYxRv3tAv9
1789421313,SCHHJ3jRdSjeFEVAaLrnYdx3Brphn92Ys7z1qkiCtPX,2026-09-14T16:33:32Z,sat,2DxoMGxskZtQwtuJB4RnbSMm4V8WmKzGP8HmK2uCRM64,5751.18,2P7gQSK2TRiHXgcLMSKKxq4PzYu1BGkPerLDhTobLAbdcLWXQzSjHZiebPxa8hMp77ynLs5UQSxmnP6V34QABLvM
1789421313,SCHHJ3jRdSjeFEVAaLrnYdx3Brphn92Ys7z1qkiCtPX,2026-09-14T16:33:24Z,sat,2DxoMGxskZtQwtuJB4RnbSMm4V8WmKzGP8HmK2uCRM64,5751.89,294GFijhmjCQKQzAdvVP42dN323uPrQqvxndqcRxkDmoCVu9NW1kLgTWVCcmiYCjbMSzZyL3DSdYnW65Rn9AVC2H
1789421313,SCHHJ3jRdSjeFEVAaLrnYdx3Brphn92Ys7z1qkiCtPX,2026-09-14T16:33:02Z,sat,2DxoMGxskZtQwtuJB4RnbSMm4V8WmKzGP8HmK2uCRM64,3699.27,mRdcr8nTpqAKu3fMRB6irwZWHvKx7mAbVvCA8sTxYGtHh96d6omRy8PgcU2WJ8ogpuEnMKiitACLSB1t2UuuMKV
1789421313,SCHHJ3jRdSjeFEVAaLrnYdx3Brphn92Ys7z1qkiCtPX,2026-09-14T15:49:48Z,sat,FYmnumZf7jQdsqpDuyKSbHWGDkeY8PEDhFhbPDZNWPj4,6940.13,3qDRfz1SSqkzoYM79RPt7P2jn3MBSyHrXpMwc8aD8b79bjL1RX6pa9oBks19fV3GcTpMp9rfcDbzgH9f4zHWUpad
1789421313,SCHHJ3jRdSjeFEVAaLrnYdx3Brphn92Ys7z1qkiCtPX,2026-09-14T15:49:35Z,al,FYmnumZf7jQdsqpDuyKSbHWGDkeY8PEDhFhbPDZNWPj4,37100.4,4P1xqPNvteyZnSwMyJapEJ2V46rJEz5FxoqDbQiQBFxV7az7bjtZMFuwWxCPCLub71ZW2uep6UdvmPxtPJu7WJm9
1789421313,SCHHJ3jRdSjeFEVAaLrnYdx3Brphn92Ys7z1qkiCtPX,2026-09-14T15:47:18Z,al,8bFb9Cns3c2psV8wTqWgMgK7wsDaHPXxoXDgVpBKvgGV,20000.0,3m1P3UyyAxqgaBriu9gZkxR82RkLSeMFZtgdzidjKj6MwcA54TYG6uzxM2CRmNWt1pNhS7LznopJwqZRufvnAaxM
1789421313,SCHHJ3jRdSjeFEVAaLrnYdx3Brphn92Ys7z1qkiCtPX,2026-09-14T15:46:05Z,sat,2DxoMGxskZtQwtuJB4RnbSMm4V8WmKzGP8HmK2uCRM64,3186.07,2Pkat37bFYgoSfWhGinBfhbx7do1JtFAj1reza9N7aH5M4QvDVe7zMwmoFHDT6BrTLWCahYsByMmYWxYMVer3Tpt
1789421313,SCHHJ3jRdSjeFEVAaLrnYdx3Brphn92Ys7z1qkiCtPX,2026-09-14T15:43:02Z,sat,5CEbueQnq1Ym2uSSx2xXds3jQAqT1BDnkA59RZobSPAG,4160.53,3HdfH4ii6GBzE1sMKuhxydZWW6ZeM7Znjr9e7kjgKMbLWfbmKd8u8NHgTq8WaMeGhGVUvX2ePJwXvW7JN5ezwzBe
1789421313,SCHHJ3jRdSjeFEVAaLrnYdx3Brphn92Ys7z1qkiCtPX,2026-09-14T15:39:23Z,al,8bFb9Cns3c2psV8wTqWgMgK7wsDaHPXxoXDgVpBKvgGV,10023.39,55ryWZgwfrDuZu1goAnH7wvrdjvuh7PqVA4AUnDTsXUFtsGeP34PY2sTNbhz4sVHYwBAC7ftgaieusz7ZuqBuuXk
1789421313,SCHHJ3jRdSjeFEVAaLrnYdx3Brphn92Ys7z1qkiCtPX,2026-09-14T15:37:38Z,sat,8oLceb4w2DGBPsV63bedw4z7Hqtb1kn6wfmNYmcAq6ZD,3804.72,2FZJr9heSjWbdjuXC1r52wT5QZqzvy2eEib3CHd2sLTsCiC92v8namgMDgpYkj9xSCHFkzPNoLRnhzUFVrUcwvXB
1789421313,SCHHJ3jRdSjeFEVAaLrnYdx3Brphn92Ys7z1qkiCtPX,2026-09-14T15:37:30Z,sat,55dJaiGPo2TryigpWE81EqJiE6rWTR7HApnJHB2dAatF,3614.55,48UpHEwgixJGVvDe5pxozo3UV7E6SUbSsugqx1DRj15h8t58ZrX62Ai47FQn6FKUj2NCiyDmBFZSfCALj8zt68Mo
1789421313,SCHHJ3jRdSjeFEVAaLrnYdx3Brphn92Ys7z1qkiCtPX,2026-09-14T15:37:23Z,sat,55dJaiGPo2TryigpWE81EqJiE6rWTR7HApnJHB2dAatF,3879.6,2xkUm4vVC8S7nFYuBVFAnCkPhyRYfZVuT5GMvDg8j2AeyqZteeeaCYJAhunQwXL6CAvNBKSguSjmQXFY7TYWsP7Q
1789421313,SCHHJ3jRdSjeFEVAaLrnYdx3Brphn92Ys7z1qkiCtPX,2026-09-14T15:33:50Z,al,5yLDDz6VKe9qyycBVK9nBXoYEikXiw2LtqbRwLmJX1Qf,2531.94,3usZkdSop51myox89g699xorx5acbp6GuhrnXiuTdtjx9hf1DwtovBnS6VypzdySbmVBRmFWgtcEH3581HXE5R7Y
1789421313,SCHHJ3jRdSjeFEVAaLrnYdx3Brphn92Ys7z1qkiCtPX,2026-09-14T15:32:23Z,al,4fVLGvqFx3LHog7wLwvHMPsZsw8pqQwehP5yHN6JVtWq,2999.96,3yBsRzYYt75ufkytQK2bZF5SKD5v6FFdmZ4TARmyKxDUqyoduENZrYgJ4gfhU3dCbE8BB2mjTxUdLQsA7xw4fwHu
1789421313,SCHHJ3jRdSjeFEVAaLrnYdx3Brphn92Ys7z1qkiCtPX,2026-09-14T15:32:17Z,al,CtKghiR3F6xE9TM1KgoVCJQ9YpPYZiS4ikRVWkssjqx9,3004.42,32qnyPcKZ76ixkr2MaVZxNeFfRfKJvY2grdcpBUtQzZsMWVjziSG5qGmynvP65WywEV7YPFEwkgwZLQQ4eDUXtdF
1789421313,SCHHJ3jRdSjeFEVAaLrnYdx3Brphn92Ys7z1qkiCtPX,2026-09-14T15:32:13Z,sat,97K6nsFhBWDKwQf6heDDhDtsCRC4779LPHSFZkc2zqK4,3432.87,5CfajQGexbRoDjysXDBerLACWMNL9Dsj89MMBKkYodMtDb9nqRcpxLnmr2oqnDpE9J8G4D6JnAUVLoSQ6dd5oWC2
1789421313,SCHHJ3jRdSjeFEVAaLrnYdx3Brphn92Ys7z1qkiCtPX,2026-09-14T15:31:36Z,al,8bFb9Cns3c2psV8wTqWgMgK7wsDaHPXxoXDgVpBKvgGV,5012.48,5edavzrscBoECMLZsJuA2bdz3PPtSK2BBWqJqoipcGSHEpPwgDWAqTD9nNAWQLhtyf6XBJeeK9BqZPwgiNDpHgq1
1789421313,SCHHJ3jRdSjeFEVAaLrnYdx3Brphn92Ys7z1qkiCtPX,2026-09-14T15:30:35Z,al,8bFb9Cns3c2psV8wTqWgMgK7wsDaHPXxoXDgVpBKvgGV,10024.35,25SkcyQhw9NixxMYn6mA57hdby61gyeLpYBhMwPKySuSZvxntXcER8Cv9B3YTaUsFbrJdBujz68VboSAmSc2TQaB
1789421313,SCHHJ3jRdSjeFEVAaLrnYdx3Brphn92Ys7z1qkiCtPX,2026-09-14T15:30:25Z,al,47Bh6zqQWGtfDFoDa2AQmeuf4TisL8Xm8dK9hNWUJ5FB,2997.0,86P8gDsKEP7GrBUjFbxWhKTKJXdPe31N8Fb9FHbcwa92HLGWoyXkwH8RnDSHatN8x8DFxLzhZ7uVRjptDyfsf9s
1789421313,SCHHJ3jRdSjeFEVAaLrnYdx3Brphn92Ys7z1qkiCtPX,2026-09-14T15:29:48Z,al,Dfsj8C4vowT5gZYZy22io1wAkgyCvMNBfX6g4pQCzivp,5590.09,27CVtvPhg1qYSDptCqqpiJG4GFoPsnNsZNP39TF9JT6KvNpYnaVeHi8gDo3Um7J92CeDFdfNRqt6jvQ2p2Ct5Xnt
1789421313,SCHHJ3jRdSjeFEVAaLrnYdx3Brphn92Ys7z1qkiCtPX,2026-09-14T15:29:48Z,al,Dfsj8C4vowT5gZYZy22io1wAkgyCvMNBfX6g4pQCzivp,5760.09,2nv9CNdjmWdjVYAra7Fx6iPGWySG5xtBJv4r8uzbmHjv97m4B2kHoLEL8M6jEadTR9w8Akh5jv1M8y5UWJxKdZp3
1789421313,SCHHJ3jRdSjeFEVAaLrnYdx3Brphn92Ys7z1qkiCtPX,2026-09-14T15:29:15Z,al,47Bh6zqQWGtfDFoDa2AQmeuf4TisL8Xm8dK9hNWUJ5FB,4567.65,3WGfGzWET6EBKPEdYYxUA5j1aYDvT59HZWJZHv9asz2hdAiDE9yUqLhT1rVgtUvceRqTFnCDdBPPn4d5W2YL7KwC
1789421313,SCHHJ3jRdSjeFEVAaLrnYdx3Brphn92Ys7z1qkiCtPX,2026-09-14T15:28:00Z,sat,5Ujy9ZGaycuF6rGdgjjvZiQBbJXQTrXUpLVeKTfRRkmk,7024.81,x4fCRgh4BaicY4VVfMEcKxZBjWzmpdQSuamozi1tBoLwB1EQAAXtT1Xc8oM89JwVixiVH6ok1Ctnq1GjpvmcnRm
1789421313,SCHHJ3jRdSjeFEVAaLrnYdx3Brphn92Ys7z1qkiCtPX,2026-09-14T15:27:30Z,sat,AhcqLTMajobhe2dX4YGm6Uxdyn21Z7Lz31mNKnt8eF1t,9202.09,2mDESirXkDEEVMiUZUZU8kBexu4SMTnn7To6M9hhj7e9i1mRVZ7d7tXnyJj5ihCmJFTctMdtRXeEhCKtk8G92bNx
1789421313,SCHHJ3jRdSjeFEVAaLrnYdx3Brphn92Ys7z1qkiCtPX,2026-09-14T15:23:55Z,sat,7j2ASgXPpEs4jgW4i8gHAqtb2yUHvAFa1P9DjVCZQKSn,4319.22,3c1ef6bszRPYwkhpryZ6MzvyfKHNvtrKivTx9Pik7QHySSs7ZJBbSnW8QcFfXvSczx78sTd9DgqMYsRkN56FHNPW
1789421313,SCHHJ3jRdSjeFEVAaLrnYdx3Brphn92Ys7z1qkiCtPX,2026-09-14T15:23:27Z,sat,Dfsj8C4vowT5gZYZy22io1wAkgyCvMNBfX6g4pQCzivp,6105.2,2ZhCR7zAXbnrs6VNspsUL67n2CzMDtiJ5TeaHYdQT3kQarYLsRYbYtcg1tQ9GnHkdB9d8x63pJRK6jTe4EG9MgkL
1789421313,SCHHJ3jRdSjeFEVAaLrnYdx3Brphn92Ys7z1qkiCtPX,2026-09-14T15:22:35Z,al,AhcqLTMajobhe2dX4YGm6Uxdyn21Z7Lz31mNKnt8eF1t,2992.95,3tgK3wpauz5YvShUVG7BcCSmVCxxbKwRaXoma3sWogMorotcaC485yUzBvcu8S2gmmnVpSQjhbp8G6w2kHxtYqLE
1789421313,SCHHJ3jRdSjeFEVAaLrnYdx3Brphn92Ys7z1qkiCtPX,2026-09-14T15:22:17Z,sat,7j2ASgXPpEs4jgW4i8gHAqtb2yUHvAFa1P9DjVCZQKSn,5731.69,dyNG8kuPYAFLz1iveetyLzdNZeXsyuCgzXKLKRZGbH1wD1mqtFQULM5bFo4c6VazMAH7t7JvZSLS3QrnmbU6UP5
1789421313,SCHHJ3jRdSjeFEVAaLrnYdx3Brphn92Ys7z1qkiCtPX,2026-09-14T15:22:10Z,al,AhcqLTMajobhe2dX4YGm6Uxdyn21Z7Lz31mNKnt8eF1t,3007.04,3FYYc7KsFcZX2wfxnhirD2ngvWVhcn4xHD3atqkvT9VFBoGCD1dyD4jk2Bkwc6WVsZT9zcAoMRtveyQHU24y6PcX
1789421313,SCHHJ3jRdSjeFEVAaLrnYdx3Brphn92Ys7z1qkiCtPX,2026-09-14T15:22:01Z,al,8bFb9Cns3c2psV8wTqWgMgK7wsDaHPXxoXDgVpBKvgGV,10024.04,4tqkhZRNBHkWHRZx9hfLkNqxhzYiX9oBayP9amFjSk2cKMdPeTbnThrjWvSvt61X8gexJybDki4R6LU1Uf8oEaU2
1789421313,SCHHJ3jRdSjeFEVAaLrnYdx3Brphn92Ys7z1qkiCtPX,2026-09-14T15:21:41Z,al,AhcqLTMajobhe2dX4YGm6Uxdyn21Z7Lz31mNKnt8eF1t,2782.3,24BkW1e3iNHU1pCqDDsbSXTofnTFiiftLDimLKynRx8mzma2WEcLfezwuX7GikUzgEskaFcsPsZzy34p21bdowZ7
1789421313,SCHHJ3jRdSjeFEVAaLrnYdx3Brphn92Ys7z1qkiCtPX,2026-09-14T15:21:40Z,al,bygBkeZNTWKxBpkF8CRJYm9DkCMTf6e4xErQnYPqVmQ,2992.03,2DWXjGa1Msi1Vn7gai6WYk6U5zNNQ6Ha4vgeQfy96EGABGV5AsPHE8NeBbbZpvbxH68hYXi2sC7bHYyknLSL1f3f
1789421313,SCHHJ3jRdSjeFEVAaLrnYdx3Brphn92Ys7z1qkiCtPX,2026-09-14T15:21:35Z,sat,6iMhjt4k1qPfCPKD997T5dvasgvdPfAKQ9jrNja39kZn,15547.93,4MX6gQLzVzfS7YUqgGvsR6ioQnKupn7E3oiwgVnqarm4YpiYnucxnUkGkbwkqpEe4m3EwFjPp2R11gqzPpayKaWf
1789421313,SCHHJ3jRdSjeFEVAaLrnYdx3Brphn92Ys7z1qkiCtPX,2026-09-14T15:21:26Z,al,8bFb9Cns3c2psV8wTqWgMgK7wsDaHPXxoXDgVpBKvgGV,10022.79,4j9Gyjt8arcUTGr7CTgtGjGCc1qzFWV7aBEwEm9cAopRmAFqzphWDWMemba4A93Xjgonc91ofVPz8Lm6He6sLKza
1789421313,SCHHJ3jRdSjeFEVAaLrnYdx3Brphn92Ys7z1qkiCtPX,2026-09-14T15:20:51Z,al,AhcqLTMajobhe2dX4YGm6Uxdyn21Z7Lz31mNKnt8eF1t,3014.42,3MiSTBWWWw3eSqqQQ2LYMeYUNT4UH55JrJJxNcay2y6NvrsNo91sfAsEjPpQDrRkwtArHpfDtSbrW81zA7sHXvH5
1789421313,SCHHJ3jRdSjeFEVAaLrnYdx3Brphn92Ys7z1qkiCtPX,2026-09-14T15:20:50Z,sat,BsDpEqRBeFq1DouFceBDFZiQTr3yKUu75xvF4xxsQ7Z3,5500.48,2MSpJntoQLS4jaGW3XP8eGSLFxuAhKJ51CCvRWZwftMhxHZJCacFukPeRYcWkzmR4h38qSaBZjitPQYcT5vZ5M7M
1789421313,SCHHJ3jRdSjeFEVAaLrnYdx3Brphn92Ys7z1qkiCtPX,2026-09-14T15:20:03Z,al,98XyGmoFC23d88WbSiNgEBrmZEXmfsLizre9MBpLEj2F,7160.44,4wktu4gpKa8n2LtzePTADZ2QZzZWy2R2NoWZ8qcjcem123xgUbpFpfgaA8jfSEcn2prMMRPmkzfCcMsA21NmMri
1789421313,SCHHJ3jRdSjeFEVAaLrnYdx3Brphn92Ys7z1qkiCtPX,2026-09-14T15:19:31Z,sat,H7ufw1mny8CqgPY8J6mL7e1JiUek1fUSxxxVVD82MVpQ,3064.73,5QGQaQSD21Na232m739t3yzBZ5UCN4LKuhNqqVPQrH7AVwygrR4sCevfLfeVqJYLRt1fgvEwaKnrwb83STckfuvx
1789421313,SCHHJ3jRdSjeFEVAaLrnYdx3Brphn92Ys7z1qkiCtPX,2026-09-14T15:19:03Z,sat,2zGEUBGC6r2UmgCasnk83mdx27KLxQeD5zniiWiC8n5S,4459.72,4FiT6wEp2SaasuMr8BFXXW2kT8ELozTpxqyWCK8TbXY8Nim77FtNT2S1d1Guasm4wfSRbufzWJRwXN5n3n3XD2tS
1789421313,SCHHJ3jRdSjeFEVAaLrnYdx3Brphn92Ys7z1qkiCtPX,2026-09-14T15:18:54Z,sat,7j2ASgXPpEs4jgW4i8gHAqtb2yUHvAFa1P9DjVCZQKSn,6798.57,5Ncn6s9pjBkSw9xeVrsS9ftarwBGXZgb4rCmNtkgb3KbHw1PJfVsMeFnB1c7u3gZJ1PNHtgnYXtUn2yNNdkTW2Qj
1789421313,SCHHJ3jRdSjeFEVAaLrnYdx3Brphn92Ys7z1qkiCtPX,2026-09-14T15:18:47Z,sat,8bFb9Cns3c2psV8wTqWgMgK7wsDaHPXxoXDgVpBKvgGV,12985.33,2u1ogzMpYwTw6fK1sbgFsn4vZC9Yjnb5XcidjJrghAZr5Tbv4KmWbrP7iY5sY65S5Lr4eBiryx7rob41upfVPw8j
1789421313,SCHHJ3jRdSjeFEVAaLrnYdx3Brphn92Ys7z1qkiCtPX,2026-09-14T15:18:45Z,sat,7j2ASgXPpEs4jgW4i8gHAqtb2yUHvAFa1P9DjVCZQKSn,13684.82,3yQmk43CipyJVXGaGyNfdFdu9h2H4ojzrPza31LHaSgSsjqDDGY5o5NhJRdoiQuqFike6kJt6AwEnR57ZprZfpqz
1789421313,SCHHJ3jRdSjeFEVAaLrnYdx3Brphn92Ys7z1qkiCtPX,2026-09-14T15:18:34Z,sat,bygBkeZNTWKxBpkF8CRJYm9DkCMTf6e4xErQnYPqVmQ,3599.16,5LAFeAzjpHNZ9cQLTT5ynvPvwV2xZSnknsWQdmkRARUgUJHWDbqnkm1NrAZKW9swYypEVuPtNaYD8rnrDK6HFWPb
1789421313,SCHHJ3jRdSjeFEVAaLrnYdx3Brphn92Ys7z1qkiCtPX,2026-09-14T15:18:28Z,sat,AhcqLTMajobhe2dX4YGm6Uxdyn21Z7Lz31mNKnt8eF1t,20182.41,4jE836jcWwrEQPddxHbgKif48uALiihmv1bqkrVQ6KBtbuH3xRRRFJfazbNjnc8NEgL5kd6pn13zjwKp74QNQa2U
1789421313,SCHHJ3jRdSjeFEVAaLrnYdx3Brphn92Ys7z1qkiCtPX,2026-09-14T15:18:16Z,sat,EdsdsfTxpN64YcDBFf3HDwGwoVDfKyMZux38GhXnqTUA,13304.27,aMB6MtigyJjtBAvVcS4N7hukEEWcSbJVYhxPir1L1mAbexgRC89NVD7T5nSFgfnkYV1WALcRS1Waancmfrseo7n
1789421313,SCHHJ3jRdSjeFEVAaLrnYdx3Brphn92Ys7z1qkiCtPX,2026-09-14T15:18:12Z,sat,26i2DFar4KbCZ71t8QKbRYPkJmLBeaf97yEGzq12QWXp,4624.96,5AuHizEN4wcoMJVJ4MpJjH8JnV3fjYgCyNPEjWB8qqpU83hRNPxsoN9pmdJrtPwUf9NyQXZ6PHM9CmFHTjeUHmTi
1789421313,SCHHJ3jRdSjeFEVAaLrnYdx3Brphn92Ys7z1qkiCtPX,2026-09-14T15:18:01Z,sat,5Tyk7JumtRkpthDdGQN5wdTDiuyzMAacSAMCLf2AHZrs,3023.08,5Tp48iyquU9UbBpafzbsQqMoDS2Niy1ZoiB8mGM9sLomjGb22nqepDnwvtY33hrZKkRw6VFgv7Dx3z7WTF9YNULu
1789421313,SCHHJ3jRdSjeFEVAaLrnYdx3Brphn92Ys7z1qkiCtPX,2026-09-14T15:16:23Z,sat,EdsdsfTxpN64YcDBFf3HDwGwoVDfKyMZux38GhXnqTUA,6577.28,4eRTUAbHbqGmu2qJ2ukQcXVAptrD41uFVGsEftef6FdWPGoKWRM1w5RLjWKTEFki7P7AaTcSSihRL92e1cmoKPJc
1789421313,SCHHJ3jRdSjeFEVAaLrnYdx3Brphn92Ys7z1qkiCtPX,2026-09-14T15:16:07Z,sat,A71csa7SPFRLuoKi2w1h3KaGHcVKKZVvWns2rNRbEADX,5757.06,Mvuapa5d5zkYvY4BrVe4AJnb2FHYM4RpYcz8p6WovkVQ69LuMQPFnG4wKWw3mBYzJZpeG9zBTq4cRNYsx7nsfxT
1789421313,SCHHJ3jRdSjeFEVAaLrnYdx3Brphn92Ys7z1qkiCtPX,2026-09-14T15:15:58Z,al,bygBkeZNTWKxBpkF8CRJYm9DkCMTf6e4xErQnYPqVmQ,3007.07,64hRhmrworfja18YnJeB3Vc4P846wtY5X67ztSf8BchTz6mbXVsb7u6cTQPo9iNX7jdVhBuT1mtQ84M89LPji9Fx
1789421313,SCHHJ3jRdSjeFEVAaLrnYdx3Brphn92Ys7z1qkiCtPX,2026-09-14T15:15:58Z,sat,EdsdsfTxpN64YcDBFf3HDwGwoVDfKyMZux38GhXnqTUA,6663.89,5XUVbjD8uRZgMyaw9xbtvpwyykg946FTNH5shuizzLvjcBV8kigTcu13nz8rjszM5VK3XDpMMfZCvUhiSRKJFr6A
1789421313,SCHHJ3jRdSjeFEVAaLrnYdx3Brphn92Ys7z1qkiCtPX,2026-09-14T15:15:28Z,sat,Hp7sb1L3XGtkb7PuptnoL4EGr56c1QwiYCcuPP7rHVDc,9298.95,25XSZQPyzmJSsYZnRdVdBDCF4FLr5ngSHhtDKcV3WqrG5gja189FbZSmZvLNd4HFy4hYvSVLahQtZAs2A1oZ6FmH
1789421313,SCHHJ3jRdSjeFEVAaLrnYdx3Brphn92Ys7z1qkiCtPX,2026-09-14T15:15:04Z,sat,AhcqLTMajobhe2dX4YGm6Uxdyn21Z7Lz31mNKnt8eF1t,4165.92,4csAgBcg25X7NwtMP2xn7HUkWo4dj6LzGcx88bAfSHXMGncS5tSnhU2wN1JhfpdK2igL5LZ747XLSFWxxZutQYgG
1789421313,SCHHJ3jRdSjeFEVAaLrnYdx3Brphn92Ys7z1qkiCtPX,2026-09-14T15:14:57Z,sat,7j2ASgXPpEs4jgW4i8gHAqtb2yUHvAFa1P9DjVCZQKSn,9195.89,5mFqyjs1etQUCVf1nWxFbKT9qeofKGjUv1K2sGkeh9fYXwaNCJGQ4ctstFbtaFg8oC5bZFSqAoBaZn2LX8zkxYP9
1789421313,SCHHJ3jRdSjeFEVAaLrnYdx3Brphn92Ys7z1qkiCtPX,2026-09-14T15:14:54Z,sat,E27C5KJeCE2YTV2SJVKe14KD3grw2Ji38K8aKATLaNY8,4157.91,3mVc87XF3P8CRPEM4sT3v1moH6fXGbVpjS9vm3PGy3iCSWoaYMtBbkLMNa4uURVHoj1eSB8BKnYiqzfNCCGEYjHx
1789421313,SCHHJ3jRdSjeFEVAaLrnYdx3Brphn92Ys7z1qkiCtPX,2026-09-14T15:14:16Z,sat,Axhr8Hjq4bNGFdFouncbbiSMxQyhFQN7cveEXUwK72ML,4559.34,5AvnQgW7ykUjYtwHVdf2FAM8BbedvK3RoFEJ1DuxRzcxUG7UHEpweqMYJR4kkTUrC71ziqVGHrpYBvmmhWAQXHX2
1789421313,SCHHJ3jRdSjeFEVAaLrnYdx3Brphn92Ys7z1qkiCtPX,2026-09-14T15:14:00Z,sat,EdsdsfTxpN64YcDBFf3HDwGwoVDfKyMZux38GhXnqTUA,10580.0,5wWVudMSWifr5RM14ypyZmWozuYLJnVyVLaoUCUxVR3NSPD2hBY6etba1Zrj4TuaMXoXStQ4KkJJjuppwyVXvpWz
1789421313,SCHHJ3jRdSjeFEVAaLrnYdx3Brphn92Ys7z1qkiCtPX,2026-09-14T15:13:58Z,sat,7j2ASgXPpEs4jgW4i8gHAqtb2yUHvAFa1P9DjVCZQKSn,9009.36,4eRMAUEydxPcfnQAhG1HMX8zG1X6Tc1muxo9NnoKexzBDpheiqC8qneP5AzEMcMQ6UNHpXd2PymzSSFHqjte5eC9
1789421313,SCHHJ3jRdSjeFEVAaLrnYdx3Brphn92Ys7z1qkiCtPX,2026-09-14T15:13:02Z,sat,BA7KtLK8NBa8ux1eg68B29TYqLsVLeAREuUDmexwFLwo,4023.65,46DdqCz1PxT2swLCvRpYvphsKFPKhDvECPV8edr3agWsEBhVnBaxzAovtgbPHSPz3zxwJ2EuqEC4BbD8pGq1oc1
1789421313,SCHHJ3jRdSjeFEVAaLrnYdx3Brphn92Ys7z1qkiCtPX,2026-09-14T15:12:40Z,sat,FtFtF8iamFC3gCv5VYUTBd1G4r1XEc1TbcHyuy6hkJPQ,7237.44,5fnWBjjgwC46C7BaAXVxXTXmcKmmA7XdbfbSh3tCuBN4cQEYaaJ1eNQ7CKXbQFUfxCUFqNQx393UJWJau3aFCk2C
1789421313,SCHHJ3jRdSjeFEVAaLrnYdx3Brphn92Ys7z1qkiCtPX,2026-09-14T15:12:32Z,sat,24arZq9uZrZwveScgpZvk2fgQxDxXff1ShHhTxVjJjjz,3421.82,JmBAbWoDcApXBmpksahDnCMYzdHiPGtdfTLCwa2hjbA3qAjgZUqGh2EgS4sPw1Z7JFyia9mprMFehxB9fE2dAir
1789421313,SCHHJ3jRdSjeFEVAaLrnYdx3Brphn92Ys7z1qkiCtPX,2026-09-14T15:12:00Z,sat,7j2ASgXPpEs4jgW4i8gHAqtb2yUHvAFa1P9DjVCZQKSn,6615.36,31CLbMgg1x6znada5xzUzG9MGLF3T3rSPNMxXAyLGYkhyb8HSaMhhMJ1ni3krAHgSwqJhuW7wqdJs8ynCPzYZc7n
1789421313,SCHHJ3jRdSjeFEVAaLrnYdx3Brphn92Ys7z1qkiCtPX,2026-09-14T15:11:40Z,sat,MriyaNN8TMp6qRWjfr723PK7xgQK7yCt7Kg2v2PQu7X,7733.13,5xk5qCpDjY7WsZuDA6LD7t1yra3mfTK1b24vcQk9YnZXYrQDJCMiwe8AAv7wpgRgE1aatwMuzSNUHvkoZDkn2EwY
1789421313,SCHHJ3jRdSjeFEVAaLrnYdx3Brphn92Ys7z1qkiCtPX,2026-09-14T15:11:34Z,sat,458aGtmE9UzRhA94hz743NyRv8p7zxNbjcgxV1m8Ukre,3620.32,658QmvJWwH9g1B5i1RJgVVhTJh57zu3hkqJmzKaosEwy4kZ8py94ib4u48fwbb2sbMpURrcSntUaxZJmsv139AKB
1789421313,SCHHJ3jRdSjeFEVAaLrnYdx3Brphn92Ys7z1qkiCtPX,2026-09-14T15:10:25Z,sat,7j2ASgXPpEs4jgW4i8gHAqtb2yUHvAFa1P9DjVCZQKSn,4923.38,2Ctv1PiEJQNgnZhrydrhXg4bagjFfXx4EPo5mhv4kAZNsZitnuG3koc9mryyVvrJAKbmff7A54FW58AjPMxyqAsB
1789421313,SCHHJ3jRdSjeFEVAaLrnYdx3Brphn92Ys7z1qkiCtPX,2026-09-14T15:10:23Z,sat,26i2DFar4KbCZ71t8QKbRYPkJmLBeaf97yEGzq12QWXp,4374.83,34ZW3AbcNod4X5U7Y4NC1c677Dnyfcq99TspyoqZN5EZQW4TLgkWuWREJBMbiCB2o12VeQXDAY46eCDJLQz6TKKp
1789421313,SCHHJ3jRdSjeFEVAaLrnYdx3Brphn92Ys7z1qkiCtPX,2026-09-14T15:10:19Z,sat,Dfsj8C4vowT5gZYZy22io1wAkgyCvMNBfX6g4pQCzivp,6391.84,k4h1JaEHZdRzsybmfNEMbLMrmVSRia65E3ATz2ZHjrqP1WXfMM2Vm8HzLesb8jSM7ehMgQXceLsBm3u7DD1gijo
1789421313,SCHHJ3jRdSjeFEVAaLrnYdx3Brphn92Ys7z1qkiCtPX,2026-09-14T15:10:11Z,sat,5Ujy9ZGaycuF6rGdgjjvZiQBbJXQTrXUpLVeKTfRRkmk,2749.07,5GmCm58f9gzq5kvRhkeCGoQb7LL9YRzfGnGFVEbcpW7kpt9AF1PvvPi2CJNVWrfHrYgjsGacjzEvKR4qxtHCKTCi
1789421313,SCHHJ3jRdSjeFEVAaLrnYdx3Brphn92Ys7z1qkiCtPX,2026-09-14T15:09:39Z,sat,7j2ASgXPpEs4jgW4i8gHAqtb2yUHvAFa1P9DjVCZQKSn,5126.36,2uxEtyUMHo7uj9eMJxXSdRPLDUUr1VXRompMWgSALv9L6BoUigQktbMzSe8zKi8C3o2RqCtRwiEMHHs76fQsFR5F
1789421313,SCHHJ3jRdSjeFEVAaLrnYdx3Brphn92Ys7z1qkiCtPX,2026-09-14T15:09:29Z,sat,55dJaiGPo2TryigpWE81EqJiE6rWTR7HApnJHB2dAatF,3745.84,2qtQ4CbVxmqP25tgiJpsiiNTb56C3Fyg31CkwbwdsZToD3ADx64SegRHmTFVoTvT9oWpuSZi4XBvMSUgT1dZT4zg
1789421313,SCHHJ3jRdSjeFEVAaLrnYdx3Brphn92Ys7z1qkiCtPX,2026-09-14T15:09:13Z,sat,Dj6SxwWGdrKiuNpL7hYP5cmL4ge8Lxb3MR8XZQ8ZJpsH,4737.12,4YjPhK5oFSDfijPfkfT1vNWKf9RA2D2EfqGB9NwmPCEtdJYTvdjGeVPiurHDbDKtR1S7XcpYK3e4AGvT7czVquTw
1789421313,SCHHJ3jRdSjeFEVAaLrnYdx3Brphn92Ys7z1qkiCtPX,2026-09-14T15:09:05Z,sat,Dj6SxwWGdrKiuNpL7hYP5cmL4ge8Lxb3MR8XZQ8ZJpsH,2839.5,YCCCH32VKYuTE8jMjqsS742RKCffHj92NbD8FURLqFzgYL3YG5rAjXvubYqi7bgxyqNsFE2M3vmTvWe1yVNeYzc
1789421313,SCHHJ3jRdSjeFEVAaLrnYdx3Brphn92Ys7z1qkiCtPX,2026-09-14T15:08:44Z,sat,Dj6SxwWGdrKiuNpL7hYP5cmL4ge8Lxb3MR8XZQ8ZJpsH,2710.77,ktH9ekCgVktWhxUbJDXK5J9wCLnjaBgBHWB6RQK9TUS4bMCniapUkFZu2GMRnhXEGUBaycsLB35979LAkjjn2fg
1789421313,SCHHJ3jRdSjeFEVAaLrnYdx3Brphn92Ys7z1qkiCtPX,2026-09-14T15:08:34Z,sat,CtKghiR3F6xE9TM1KgoVCJQ9YpPYZiS4ikRVWkssjqx9,3386.41,4cGhEDqZgCRuz8Dd2DNsmTnB3kDgGezpBBUDdy4C4ZJDZBXu9nd5jSjv1ftexCZTzUqTmbqmYPgGZBH2KgcRdh3v
1789421313,SCHHJ3jRdSjeFEVAaLrnYdx3Brphn92Ys7z1qkiCtPX,2026-09-14T15:08:27Z,sat,Dj6SxwWGdrKiuNpL7hYP5cmL4ge8Lxb3MR8XZQ8ZJpsH,2506.88,5v8VYZoSZty25bBZYE1tZiPAihyq88tMrmj6ABeAU11shnBqQ4EXT6xH7Z6PReimxD6VNbSxsvXNnqjrAgh5T8oJ
1789421313,SCHHJ3jRdSjeFEVAaLrnYdx3Brphn92Ys7z1qkiCtPX,2026-09-14T15:08:23Z,sat,Dj6SxwWGdrKiuNpL7hYP5cmL4ge8Lxb3MR8XZQ8ZJpsH,2670.87,3EnhamWRLgZ8HFJ56LwWiXqhht5csTPy7tMjV7NVTXyYk9VQCDHHChkutvXz9SGh5MSPu1hmggm6rXLMFEcvSGxa
1789421313,SCHHJ3jRdSjeFEVAaLrnYdx3Brphn92Ys7z1qkiCtPX,2026-09-14T15:08:15Z,sat,Dj6SxwWGdrKiuNpL7hYP5cmL4ge8Lxb3MR8XZQ8ZJpsH,2700.05,2ArEY8Uun9sUFU9SiJP4UpqSjb4sMNK3GXf2vKjYq8bX9cGyjVXGjAgUFVG5AxiWRWPrMu4zPUW2XNpBLLMxUENF
1789421313,SCHHJ3jRdSjeFEVAaLrnYdx3Brphn92Ys7z1qkiCtPX,2026-09-14T15:08:08Z,sat,Dj6SxwWGdrKiuNpL7hYP5cmL4ge8Lxb3MR8XZQ8ZJpsH,2637.2,2RjNsNkZ7wz4PNkGqJEJU169yu7Xb5U8TW3Niq9hk6LCJNz1P3YVMko8n3ftj8U7j4mvW1tL4buYj1WKHmaxETAz
1789421313,SCHHJ3jRdSjeFEVAaLrnYdx3Brphn92Ys7z1qkiCtPX,2026-09-14T15:08:07Z,sat,Dj6SxwWGdrKiuNpL7hYP5cmL4ge8Lxb3MR8XZQ8ZJpsH,3016.11,5xyXZ9jdpQMA2BBc2PeVDaybCnsLgSBfQDKYcdL5Va31MYc6BnDa1YrKANxzdxa5dCGVfZ6k5LwBncKPXnfjwXE
1789421313,SCHHJ3jRdSjeFEVAaLrnYdx3Brphn92Ys7z1qkiCtPX,2026-09-14T15:08:05Z,sat,Dj6SxwWGdrKiuNpL7hYP5cmL4ge8Lxb3MR8XZQ8ZJpsH,2887.72,29JFYYb2E697AAQq7Xd6jLfW72jrtjDeSjCkHyGG5QHtqaihBicRa9K7w1vhUX9BLXCj52L8zVrSXPoEp3Ev9t67
1789421313,SCHHJ3jRdSjeFEVAaLrnYdx3Brphn92Ys7z1qkiCtPX,2026-09-14T15:08:03Z,sat,Dj6SxwWGdrKiuNpL7hYP5cmL4ge8Lxb3MR8XZQ8ZJpsH,3265.38,E9BzniaQgaXJMJuTnKh2V8Dv3wtrinfEGa5PMwWBtByoGi2397CGHBvZAemvbbKrZmuUtyFdPmwqWr7kNngUnhS
1789421313,SCHHJ3jRdSjeFEVAaLrnYdx3Brphn92Ys7z1qkiCtPX,2026-09-14T15:08:02Z,sat,Dj6SxwWGdrKiuNpL7hYP5cmL4ge8Lxb3MR8XZQ8ZJpsH,3427.83,5D6ibzEQepBeX3G5BE9dog1AAqjn35kgaJeLKcb6eytmaugD4pNg2hBa4ZKne6Ato8Mf6UXgsFRSykBiHWHPFxLs
1789421313,SCHHJ3jRdSjeFEVAaLrnYdx3Brphn92Ys7z1qkiCtPX,2026-09-14T15:08:01Z,sat,Dj6SxwWGdrKiuNpL7hYP5cmL4ge8Lxb3MR8XZQ8ZJpsH,3257.9,2hk6QgbYPjwDLVAe6cpm4mww1khdaGgbA41rcLe8yACUHVBsPK188zmgXEX9Z8DiknawjRN5Geq8sSJ8t1eqjE1A
1789421313,SCHHJ3jRdSjeFEVAaLrnYdx3Brphn92Ys7z1qkiCtPX,2026-09-14T15:08:00Z,sat,Dj6SxwWGdrKiuNpL7hYP5cmL4ge8Lxb3MR8XZQ8ZJpsH,3572.59,4g9HVLc7ixWiGKon5gx4gLy4r5C3ARB4TsYg56MVi4R8xh19bdf56TdLJgy7mcnBMJeRSBEV2YD8BwShqsd7zami
1789421313,SCHHJ3jRdSjeFEVAaLrnYdx3Brphn92Ys7z1qkiCtPX,2026-09-14T15:07:59Z,sat,Dj6SxwWGdrKiuNpL7hYP5cmL4ge8Lxb3MR8XZQ8ZJpsH,3334.39,dhaEhUHZ9V7PUYyJ9wCzYCbS71YG6GuYbSVHnqq65ZfuQ3Z2PBd6wwHJHoT5i1RKhjyGYjE6DNbnUR2FJEZgHFW
1789421313,SCHHJ3jRdSjeFEVAaLrnYdx3Brphn92Ys7z1qkiCtPX,2026-09-14T15:07:57Z,sat,Dj6SxwWGdrKiuNpL7hYP5cmL4ge8Lxb3MR8XZQ8ZJpsH,3592.97,3c7Dxyr4LH58GDxt7a5pBAMAeJYg2MjyvZDe9THKzFPgFRDnTJ6msFe82pJHY9bzyF7adnzk242UsWQPFBmGVJ2U
1789421313,SCHHJ3jRdSjeFEVAaLrnYdx3Brphn92Ys7z1qkiCtPX,2026-09-14T15:07:54Z,sat,Dj6SxwWGdrKiuNpL7hYP5cmL4ge8Lxb3MR8XZQ8ZJpsH,3475.52,3D29icJ33EExY9rBdAuE7yuaE7zRA8oz37WfkuPmqtp9qsiL86Vk1tF2ry8wxBtE7R4R2hWsu4w3qZw232iFyVok
1789421313,SCHHJ3jRdSjeFEVAaLrnYdx3Brphn92Ys7z1qkiCtPX,2026-09-14T15:07:53Z,sat,Dj6SxwWGdrKiuNpL7hYP5cmL4ge8Lxb3MR8XZQ8ZJpsH,3612.64,3gHMu7QysoDrz9hfkhXPh5Att4TuxFQn5vNNUq2HVHST5TV3BuMdWPg6KCPNCAeH8ymtjs4hHEtm8hWoeo44F1yL
1789421313,SCHHJ3jRdSjeFEVAaLrnYdx3Brphn92Ys7z1qkiCtPX,2026-09-14T15:06:02Z,al,7j2ASgXPpEs4jgW4i8gHAqtb2yUHvAFa1P9DjVCZQKSn,2607.11,62DfQ4ERzJ78PgZgQ4XVHtqGZHo8Q3iFxSE6p7Nmi6urBfAPzm4t2DYsSEJHbu7cAFhbQR3KvQKTbntq8NZ7Jegr
1789421313,SCHHJ3jRdSjeFEVAaLrnYdx3Brphn92Ys7z1qkiCtPX,2026-09-14T15:05:27Z,al,7j2ASgXPpEs4jgW4i8gHAqtb2yUHvAFa1P9DjVCZQKSn,4609.57,3DX17UiVZkNCpc9tWGGBDYBjrb9keCwv5y4sWFQDYabMfb5rUxCjf8BdbRTxVq7RDVkU7ZeqoNFHnVhRAp4inaxt
1789421313,SCHHJ3jRdSjeFEVAaLrnYdx3Brphn92Ys7z1qkiCtPX,2026-09-14T15:05:23Z,sat,Dj6SxwWGdrKiuNpL7hYP5cmL4ge8Lxb3MR8XZQ8ZJpsH,2964.74,4FjPtBoHxGk9F5Un7AYCXJku1E67oNHHsWYnFZBpkx8Gqo4eUxowdpBu5NQdz4qhAPqMTeMYCrgUZ1gMR9yiY422
1789421313,SCHHJ3jRdSjeFEVAaLrnYdx3Brphn92Ys7z1qkiCtPX,2026-09-14T15:05:22Z,sat,Dj6SxwWGdrKiuNpL7hYP5cmL4ge8Lxb3MR8XZQ8ZJpsH,2898.43,4E415TffFcmmDGSXdSbqpdCjLYnMD13P67jZVFt5tbq755iSSG64V2rHFMtH1Uz8vbNhy4GwibrRF1PXrU4f11CH
1789421313,SCHHJ3jRdSjeFEVAaLrnYdx3Brphn92Ys7z1qkiCtPX,2026-09-14T15:05:20Z,sat,Dj6SxwWGdrKiuNpL7hYP5cmL4ge8Lxb3MR8XZQ8ZJpsH,3159.68,2ysDZgECFWBMSEmtmnCVHKd9hnkfFntSi2ZTQ8ptp8WEZve2ffCumo6x5jauiTDpygr8SJcJLx8VtqDhjyc8KsJ8
1789421313,SCHHJ3jRdSjeFEVAaLrnYdx3Brphn92Ys7z1qkiCtPX,2026-09-14T15:05:19Z,sat,Dj6SxwWGdrKiuNpL7hYP5cmL4ge8Lxb3MR8XZQ8ZJpsH,3147.49,4VhxVVihGyra8y1yJR4JVcY6Qzr96y5kL8JyPrqsZ6X9CWf82fXvcnJDau9xPfRts9SpQfaq8n4zxrNKxVApQGhn
1789421313,SCHHJ3jRdSjeFEVAaLrnYdx3Brphn92Ys7z1qkiCtPX,2026-09-14T15:05:17Z,sat,Dj6SxwWGdrKiuNpL7hYP5cmL4ge8Lxb3MR8XZQ8ZJpsH,3373.14,4RpLmKr8mWHfNFLZ3iKSLywtaC18t3bk8EeNpis8WCZb8n2Y32c3cUsB9QWx7LnQgA9Q9T5ShUGeBrZv5Dv7AsEa
1789421313,SCHHJ3jRdSjeFEVAaLrnYdx3Brphn92Ys7z1qkiCtPX,2026-09-14T15:05:16Z,sat,Dj6SxwWGdrKiuNpL7hYP5cmL4ge8Lxb3MR8XZQ8ZJpsH,3368.97,5c4fW4XC6pELwd1fosh2VwVtLYpz4UdRsoJjFvPdDn41gd6rdg5VZimyrsdqXL2Rot61a4fZeDD7chDYUo7W8Lax
1789421313,SCHHJ3jRdSjeFEVAaLrnYdx3Brphn92Ys7z1qkiCtPX,2026-09-14T15:05:15Z,sat,Dj6SxwWGdrKiuNpL7hYP5cmL4ge8Lxb3MR8XZQ8ZJpsH,3409.25,4ytZKn8bfu4kQEynfWCgm2TQBk7Ypa9E8K7kNoyYPz1LnRqUE4mKFYgXXGcZsTRKtYbajaoUWy4C3nuV7SrQKRj8
1789421313,SCHHJ3jRdSjeFEVAaLrnYdx3Brphn92Ys7z1qkiCtPX,2026-09-14T15:05:13Z,sat,Dj6SxwWGdrKiuNpL7hYP5cmL4ge8Lxb3MR8XZQ8ZJpsH,3625.96,4CUpB7jBFiSLCvTxrEKxCJwH65C9rfCcwZ69qYQjpzRDHb8oyopZWBqDLMiJTWTBsvdUqriziVEA1zHdSL9jnkA5
1789421313,SCHHJ3jRdSjeFEVAaLrnYdx3Brphn92Ys7z1qkiCtPX,2026-09-14T15:05:12Z,sat,Dj6SxwWGdrKiuNpL7hYP5cmL4ge8Lxb3MR8XZQ8ZJpsH,3452.1,3kgzmfy3d4VcgKJazd8kXQi8qLKxyvw6arH65QA4TsjxT4BQo61EuJZ5KhMv8MMfZ8MfkkqgH4RUKL7uqSEYVdnG
1789421313,SCHHJ3jRdSjeFEVAaLrnYdx3Brphn92Ys7z1qkiCtPX,2026-09-14T15:05:10Z,sat,Dj6SxwWGdrKiuNpL7hYP5cmL4ge8Lxb3MR8XZQ8ZJpsH,3653.36,caTpXephihAAo65gsjTPAZkNn1Z1NHhUBi8SC9rZNvc4xRsRHiNk5g2VEbLb83KyqgB2RHV8DgiSUYxgkPrQw4X
1789421313,SCHHJ3jRdSjeFEVAaLrnYdx3Brphn92Ys7z1qkiCtPX,2026-09-14T15:05:09Z,sat,Dj6SxwWGdrKiuNpL7hYP5cmL4ge8Lxb3MR8XZQ8ZJpsH,3500.86,3UPXt5vKUPavNbaHAbkkp3ZZJvuZ4AkYVzNvQ6ANN8SSj6geGbwQ7mAUcEVrFjKgsGB1o1Z6YW9PeostHHFYg77G
1789421313,SCHHJ3jRdSjeFEVAaLrnYdx3Brphn92Ys7z1qkiCtPX,2026-09-14T15:04:52Z,sat,4a7NWcurNg4ynBk2U8ujhHW2evCjp3LmEkeEHsiPDCTs,3971.81,zHkMuTfpRcM1gGMSPBELpZa9eddUCNdX7KWTA4KpHpmHjAmeoPzP1aPfCKjDsPRzuXzDop9smoeSA8uzSLxM6YW
1789421313,SCHHJ3jRdSjeFEVAaLrnYdx3Brphn92Ys7z1qkiCtPX,2026-09-14T15:04:25Z,al,7j2ASgXPpEs4jgW4i8gHAqtb2yUHvAFa1P9DjVCZQKSn,5226.18,pVYHKSSLNmo67QehT8dKT6zzTjKT8j8hrZ9Emr6NB2nDGH2oLe2Hj9xDM1Ao8xtzvg8vA8nQ3mKx5eB4wcbqq4N
1789421313,SCHHJ3jRdSjeFEVAaLrnYdx3Brphn92Ys7z1qkiCtPX,2026-09-14T15:04:21Z,al,Atk6gwVPnn3EZ9BKmW1UVVzSnZ8p4Juddx9qaiFkQ2V7,3484.53,5xkoynmDsu9BC8idVXKyQfDrNNh8Mf9bNUckh43bCjqWBuuUDDuvpDi1QaXGa5bq3KTJsc1xY9ri9DwiSzezBihn
1789421313,SCHHJ3jRdSjeFEVAaLrnYdx3Brphn92Ys7z1qkiCtPX,2026-09-14T15:04:14Z,sat,Dj6SxwWGdrKiuNpL7hYP5cmL4ge8Lxb3MR8XZQ8ZJpsH,3451.56,4Ub4fDAd2DAXPSBDH66iU1kEdkNUC34ZX1R8n2BEpyn84ADwvjL8trCeSb3eXfJFayGxMKwZDkecWR21yHdv7av
1789421313,SCHHJ3jRdSjeFEVAaLrnYdx3Brphn92Ys7z1qkiCtPX,2026-09-14T15:04:13Z,sat,Dj6SxwWGdrKiuNpL7hYP5cmL4ge8Lxb3MR8XZQ8ZJpsH,3460.07,4APfiTdoj1rFR6bbcGYbqU7bXmc5c6417RKDCdLLPu1SyGygaffFwjyCSm3ahzdsYiAj5BaAytPiKCpj9fcZU9dk
1789421313,SCHHJ3jRdSjeFEVAaLrnYdx3Brphn92Ys7z1qkiCtPX,2026-09-14T15:04:10Z,sat,Dj6SxwWGdrKiuNpL7hYP5cmL4ge8Lxb3MR8XZQ8ZJpsH,3464.71,3MSzrrS3gT6VrZSP8RHxeLzkR43UCF7KEwGajrkiVpsRkubVUrVJzkhSyW6UiXU4pMgcFBoMcWydncwV4j7EPP9g
1789421313,SCHHJ3jRdSjeFEVAaLrnYdx3Brphn92Ys7z1qkiCtPX,2026-09-14T15:04:09Z,sat,Dj6SxwWGdrKiuNpL7hYP5cmL4ge8Lxb3MR8XZQ8ZJpsH,3412.38,LJYugxormgZ8zUCWxexQt6CZaxjgvMhqDxTmT487HpPry2mxykNa1Td3s9AzWeB3SqLDJa143wwC7DvZ8ETTo5J
1789421313,SCHHJ3jRdSjeFEVAaLrnYdx3Brphn92Ys7z1qkiCtPX,2026-09-14T15:04:06Z,sat,Dj6SxwWGdrKiuNpL7hYP5cmL4ge8Lxb3MR8XZQ8ZJpsH,3400.83,47PsbQXv8ctBtRjjK2RiA3mzWpPFyxf1qkQsmYQWQbFLjkXAvL6vGqxetD3meSs9qzz4i8Hyr4W46XFfkJ2PcWjy
1789421325,sFfuM7gUnhP4NziRahioh5bPAyQZM5SJXyXf5GNpump,2026-09-14T15:35:02Z,sat,EsD9NTcRLwrAgFVymiAp61NZQVFUHnjQ1yzFxdjX3Yc9,2791.69,41d5pmTfK52HZUQKUYjHMDS6RV8CxBPeWTHSpziyU7ntCZgpJCwsbWm258Y6W7yhcESUeXj7m31oNbDyHttB3h9A
1789421325,sFfuM7gUnhP4NziRahioh5bPAyQZM5SJXyXf5GNpump,2026-09-14T15:35:02Z,sat,BHxzE7zAo42ZqiK1ef69wi9o33cMmz5ehBd46XggZoX9,5288.63,w1taGmY6WeVkaQUFQQNeMeNg62NBp21goQT39egQDmgxJ5wxxk8fTkT7DomAESevbX9iEwXxoFVr7jaEmzfLVWG
1789421325,sFfuM7gUnhP4NziRahioh5bPAyQZM5SJXyXf5GNpump,2026-09-14T15:35:02Z,sat,BHxzE7zAo42ZqiK1ef69wi9o33cMmz5ehBd46XggZoX9,6403.48,w1taGmY6WeVkaQUFQQNeMeNg62NBp21goQT39egQDmgxJ5wxxk8fTkT7DomAESevbX9iEwXxoFVr7jaEmzfLVWG
1789421325,sFfuM7gUnhP4NziRahioh5bPAyQZM5SJXyXf5GNpump,2026-09-14T15:35:02Z,sat,EGTQdtcuAjxyqnnDED6c7d1G4xugWpXmxXTVzJoPY7nt,10369.28,Qo8wV3X3EhYki2E8KxBj9t4RLb2RGxhSPb2v7sSgyRieN2XbRSZKgyiHi3qEDYHRe1t5jXCTQXxipQNZGTYSR97
1789421325,sFfuM7gUnhP4NziRahioh5bPAyQZM5SJXyXf5GNpump,2026-09-14T15:35:02Z,sat,EGTQdtcuAjxyqnnDED6c7d1G4xugWpXmxXTVzJoPY7nt,13639.46,Qo8wV3X3EhYki2E8KxBj9t4RLb2RGxhSPb2v7sSgyRieN2XbRSZKgyiHi3qEDYHRe1t5jXCTQXxipQNZGTYSR97
1789421325,sFfuM7gUnhP4NziRahioh5bPAyQZM5SJXyXf5GNpump,2026-09-14T15:35:02Z,sat,FJMFnzH66o3q6TXyqa3WsqqZoCFMjRXKpsoowpxKyowt,18727.25,5Ynz7NgJ5GLieBbWHDe5UgREnZdNN73id5DcWaUZH7MpGoJ2tXZ6pDcib9RShmUQ7dxwjTAPMeSKFrErE3cDKoU9
1789421325,sFfuM7gUnhP4NziRahioh5bPAyQZM5SJXyXf5GNpump,2026-09-14T15:35:02Z,sat,FJMFnzH66o3q6TXyqa3WsqqZoCFMjRXKpsoowpxKyowt,27325.52,5Ynz7NgJ5GLieBbWHDe5UgREnZdNN73id5DcWaUZH7MpGoJ2tXZ6pDcib9RShmUQ7dxwjTAPMeSKFrErE3cDKoU9
1789421325,sFfuM7gUnhP4NziRahioh5bPAyQZM5SJXyXf5GNpump,2026-09-14T15:35:02Z,sat,7jCVHfJutTvXm2nDtdhFkTp6kf9mtuLmR9gDwqYHCgL9,10168.57,5u6gEDe9JVAwJq6NZeowzBp4qyAopXwWjRYwrBU88VdhXHBqnuxBo6vjgoa8G2vVmeG2t4xma7XSeMopntJ22Rj5
1789421325,sFfuM7gUnhP4NziRahioh5bPAyQZM5SJXyXf5GNpump,2026-09-14T15:35:02Z,sat,7jCVHfJutTvXm2nDtdhFkTp6kf9mtuLmR9gDwqYHCgL9,11681.48,5u6gEDe9JVAwJq6NZeowzBp4qyAopXwWjRYwrBU88VdhXHBqnuxBo6vjgoa8G2vVmeG2t4xma7XSeMopntJ22Rj5
1789421325,sFfuM7gUnhP4NziRahioh5bPAyQZM5SJXyXf5GNpump,2026-09-14T15:35:02Z,sat,8WiGTfKqHhq2t1w3teMCz9Bs8RdkUU699pQDzUVC1hNb,3782.25,5K5T5RxBHaDbLksqo4SXHCsnHXptRKR2D123zBESMSveBGLrWtxe4gjxri9xg18tBwLxa1tiLqWhBzhMoh9edNd4
1789421325,sFfuM7gUnhP4NziRahioh5bPAyQZM5SJXyXf5GNpump,2026-09-14T15:35:02Z,sat,8WiGTfKqHhq2t1w3teMCz9Bs8RdkUU699pQDzUVC1hNb,4441.3,5K5T5RxBHaDbLksqo4SXHCsnHXptRKR2D123zBESMSveBGLrWtxe4gjxri9xg18tBwLxa1tiLqWhBzhMoh9edNd4
1789421325,sFfuM7gUnhP4NziRahioh5bPAyQZM5SJXyXf5GNpump,2026-09-14T15:35:02Z,sat,2pw4PREMLdSvbCRThReyBeHWPXqNriE5JMJwhLLJ3Hhq,2500.6,41MDYsJdmvNwM3eJUGbGhhhNL5XEdQq321VuJbDDSCvHFHdwe9yH3mJ2CigAsV3bYatvu81xQSBZDBqd1NqHXxBQ
1789421325,sFfuM7gUnhP4NziRahioh5bPAyQZM5SJXyXf5GNpump,2026-09-14T15:35:02Z,sat,HxXEUa28HDTYzzyGMZZ3yWAfxbRKveGf3veqmxwo1n3H,60074.95,3gUd6n68UygXrjG7dp1V5i2ThuLDnchhWFVhPVEPx97EsSZfUN3U3cof3HPWkY6SkcDgGDQKx3GNFPc5XDXbyVR2
1789421325,sFfuM7gUnhP4NziRahioh5bPAyQZM5SJXyXf5GNpump,2026-09-14T15:35:02Z,sat,HxXEUa28HDTYzzyGMZZ3yWAfxbRKveGf3veqmxwo1n3H,126518.98,3gUd6n68UygXrjG7dp1V5i2ThuLDnchhWFVhPVEPx97EsSZfUN3U3cof3HPWkY6SkcDgGDQKx3GNFPc5XDXbyVR2
1789421325,sFfuM7gUnhP4NziRahioh5bPAyQZM5SJXyXf5GNpump,2026-09-14T15:35:01Z,sat,5ReEVztAXXXycJprs1tC5Zdjgw5rtFvWxp1E24eZ7oSY,65984.68,4VaPxEarUxnzQP8qraXVSFmXYeVqthVo2SrCR3Yt8bPZRud2DpK9Ex9hkDsSksP6EKXvNhT2ZUCAdihXXpnYWL14
1789421325,sFfuM7gUnhP4NziRahioh5bPAyQZM5SJXyXf5GNpump,2026-09-14T15:01:59Z,al,9aQXwGKGNuDazTyK3uwtBughqSz7kyexppCpTXTiNnTn,2940.73,YxkWnzvDZU2urDoZNDssBWhM46NaGLTxYZzELHzjTCzuQ9RPSqa5X9m97NUk3haKwTppwykqGQVzdeSL1jnVMnP
1789421325,sFfuM7gUnhP4NziRahioh5bPAyQZM5SJXyXf5GNpump,2026-09-14T15:01:57Z,al,E8iDxRBzXAvNyxd8hKvghrUafD9sp84hgWqqSNreKP7P,2939.27,4qp4MFzy3UFxDBtXsUqi1m8RD49xbstCT2VkfKC28UYmb6nk7V2zYg9ZgT7vERpMRH2vje1qznF5SYEmVzdTfpmd
1789421325,sFfuM7gUnhP4NziRahioh5bPAyQZM5SJXyXf5GNpump,2026-09-14T15:01:56Z,al,5e8H8BniRUd2VVva6otzxFHTgJxPXwYcoLqm89eXsspA,2940.54,3K6m9HZPXTF5sDP2wxGNbJ6HodfRgupteySm1g2uDJ1cQfmog33p27vPkzrqGgx7FGLPprzPJWxxAUXyKLsJotMN
1789421325,sFfuM7gUnhP4NziRahioh5bPAyQZM5SJXyXf5GNpump,2026-09-14T15:01:52Z,al,C2s1wAbQ7AqcNGThBd1VcAhr9dujVDv42ifQVtethVF5,2939.45,5q8QWUJi99GhYyHJfJhtP1LjTRNBpVeiwABzR5ia6GjjRgganRndBmM6GF7gPtYeopgYLG6KiwEurrMP6sZxZfra
1789421325,sFfuM7gUnhP4NziRahioh5bPAyQZM5SJXyXf5GNpump,2026-09-14T15:01:51Z,al,ETbWxBpN8rDqHEEfH4162Vf2gpELn7CfvbT1dDvrLeui,2939.65,A1EehGKXnFufc1TJcr6rbL5CCMFEJGdo3VqdMGdbSefZHtWTsJX9cgvmVRTPKw9cm5QWuJciWJiaqDxGyJUegNo
1789421325,sFfuM7gUnhP4NziRahioh5bPAyQZM5SJXyXf5GNpump,2026-09-14T15:01:49Z,al,CrMT2cB3GpyHMhscHBK1pUQHnpeCSDCnYEWQ17Rm8u7u,2939.85,2to7JJnpdmGPkXZPbgBuEmAFnPgzzaxmYcjxWcHigvaMfbg9YMaGh5nzaSBpvGMNwdK3vuwZNGAyCt8SgD28zTbo
1789421325,sFfuM7gUnhP4NziRahioh5bPAyQZM5SJXyXf5GNpump,2026-09-14T15:01:47Z,al,855vbvpEbN8ujjd1Bf8cWsHeuzSiFc5zpDHRwdLajyeH,2941.29,5y6ES4cK7BbZDDPZQ5gBTgp7TBZu4shdUXwmyFe6N5JSCHMWCieQ5p993nsPaQRL4BT5VSK21qYx6jkt14ndzgRM
1789421325,sFfuM7gUnhP4NziRahioh5bPAyQZM5SJXyXf5GNpump,2026-09-14T14:00:03Z,al,9cVj5YRAN2dZKocgpgVExQQpm3UzMTHzfgTtJHXhP5cS,300754.62,67VGXusbWhfC1vZLGstLFrBA11zcVUibQCpfoBg9J1TpfZgXQKE2ivNzoMQuEgqZacjR44aiK2M1BFJUdvN8r1Rf
1789421337,5xReA5QB1E1hikDA6ZsqLBvhzV18MGqWfcz2rsNzpump,2026-09-14T12:11:31Z,al,8Xfa2D5RuzJkQY7m49qfbar14fUYAccWwrgg4r4bKqrx,5067.85,rvNEbcfVTbwefaY5Ru6KC5oYHojnryKmhFunTk82AfG6Py49wQKbjA8iAvpMsw1na4pbghGDRNZutBkLisbhWxc
1789421337,5xReA5QB1E1hikDA6ZsqLBvhzV18MGqWfcz2rsNzpump,2026-09-14T11:44:01Z,al,8Xfa2D5RuzJkQY7m49qfbar14fUYAccWwrgg4r4bKqrx,5068.9,7Yee5SV2rsR8PD6kxmPNK26HjtGSywfWegWX2R9eVEfy53caVpvTtbGX4tq7fpZKch3oPZqaorxwq3gJKw5No27
1789421337,5xReA5QB1E1hikDA6ZsqLBvhzV18MGqWfcz2rsNzpump,2026-09-14T11:43:48Z,al,8Xfa2D5RuzJkQY7m49qfbar14fUYAccWwrgg4r4bKqrx,5069.8,4cUCcxpk3s3qRfaMcNAaEdAwWkgmvXvFSNWNCWg1D1GLoMr1N452Q3KeZTRhPH5GQnQDJrEKnU38FaQNtfPNxU81
1789421337,5xReA5QB1E1hikDA6ZsqLBvhzV18MGqWfcz2rsNzpump,2026-09-14T11:43:42Z,al,8Xfa2D5RuzJkQY7m49qfbar14fUYAccWwrgg4r4bKqrx,5072.91,5M3U6SpvpFQBBoxgxFvaLqCbrNTe63xycmm8aVWomzHPxkREfBJeV2UEBYfPUpoJrabnAgGjffDyaWpsNXfmJ52U
1789421337,5xReA5QB1E1hikDA6ZsqLBvhzV18MGqWfcz2rsNzpump,2026-09-14T10:42:58Z,al,DKaeQqwv62h6m6SM4iCXuChmzVAhmwwZbQPpEjyaZ1xw,294279.27,3iUWJ5JskcdUDkgrLhXyhMvJkPXKgCpp9PGAfhRMdG7W3SsVcWau87YZR8Eau67icZCJYKtnkW4z4uCx4Rf9MPza
1789421361,D8EQdHU7K8cz1pCPrRQafqqbsBGdFeC5yXbXqNvpump,2026-09-14T12:30:56Z,al,21QNdyUFxhUTo37RD7x3KVMDXTx7xVw73ozfPyVGuQVQ,2829.63,4zaABEAwFMAiJQNChAH5uyH5FgYKMQGZnjBYz8pJiDpxbvS4WcGKJki8HYew3NuPb8926heSpxFFKW1rf5Kvuce4
1789421361,D8EQdHU7K8cz1pCPrRQafqqbsBGdFeC5yXbXqNvpump,2026-09-14T12:30:55Z,al,ExPGnvvGjDCRggpRXkR38nmVEKB6Nmfkg4zv2JhU4pxh,2598.8,eAtopADFkuLMte48JkeZYCeKJMJUrSMN5QTZ92NFDmqNUcVYSkywMsUD8EMm9kGR1tP9u6fHYB5Kry1bc8zGbUW
1789421361,D8EQdHU7K8cz1pCPrRQafqqbsBGdFeC5yXbXqNvpump,2026-09-14T12:30:51Z,al,8eNKUu3xFc26smYC64jnxXXPy7yzLV3uSR2JhbdYGBfS,2671.52,8NPuu2p59kqdAzZ6NP1W7J79NHPjMMaMVt4DHMfT7w5aTPWZDXv62zEAk3k3cKcGXsH4tYSmfhYYZsE1T2vf1Md
1789421361,D8EQdHU7K8cz1pCPrRQafqqbsBGdFeC5yXbXqNvpump,2026-09-14T12:30:50Z,al,ExPGnvvGjDCRggpRXkR38nmVEKB6Nmfkg4zv2JhU4pxh,2623.04,3sf6a7otGihPdehjPkzaDfpYHPY8XoyDbadHZCVehQvJkay1gQ8or4KbEAZsUDzr9Pt6KYrgg9P2SRtwFrYs3uWG
1789421361,D8EQdHU7K8cz1pCPrRQafqqbsBGdFeC5yXbXqNvpump,2026-09-14T12:30:49Z,al,AJwshVbBrmx5MUoMfFqfJHPYgr2kztuuT2ReQJnX9TeT,2580.84,betKeibPvDJ8HsdJsC18Z5jMbTxPMUUZk8K5vy3ZMAz9c775vccFxbD6aefTe2A4GyZtwg32UtLq5ASMmWS8Vi8
1789421361,D8EQdHU7K8cz1pCPrRQafqqbsBGdFeC5yXbXqNvpump,2026-09-14T12:30:46Z,al,9vdqNHHbLDANGXmx3Tgu8yvnD8egdFKf8mAaHdn34LX6,2569.44,5RUNifgfodj4uNWRtwye6hpqWsXZ4GxQGSAXw4GqLBhupPtmqHizvrDrxiHadvQeK8dMgFhciiR1RjkyxhKtzY93
1789421361,D8EQdHU7K8cz1pCPrRQafqqbsBGdFeC5yXbXqNvpump,2026-09-14T12:30:43Z,al,5HDEmWFSVUeXvLjfauJkbLE7JiRA89Fb2ECk4W2ZKqwp,2910.92,22HyiXrCyj4xCdW6GiyJkbr3FgyeeiUuGXpavoareaESED7TED5w97Euwb29gPxARBPCMKzMyamMahMGwJd1RUpQ
1789421361,D8EQdHU7K8cz1pCPrRQafqqbsBGdFeC5yXbXqNvpump,2026-09-14T12:30:42Z,al,8eNKUu3xFc26smYC64jnxXXPy7yzLV3uSR2JhbdYGBfS,2621.78,21TgbSKkxC53ohS2xJj2tCT1ZCcyUSnsMT1ZqYUzxChtxgSFMRpJFKE4EtcosUN4KNhYWEhVuwoLUbB2dUduyzHi
1789421361,D8EQdHU7K8cz1pCPrRQafqqbsBGdFeC5yXbXqNvpump,2026-09-14T12:30:39Z,al,AJwshVbBrmx5MUoMfFqfJHPYgr2kztuuT2ReQJnX9TeT,2820.02,79YPQALkn17JdhYCZZfXk1a81rEBhbWNkTvivmjiR2sUSCdAyCdsvn5aCeBCWREhVX2dfaNGNvsHdF6a6GbDA3o
1789421361,D8EQdHU7K8cz1pCPrRQafqqbsBGdFeC5yXbXqNvpump,2026-09-14T12:30:36Z,al,9vdqNHHbLDANGXmx3Tgu8yvnD8egdFKf8mAaHdn34LX6,2536.57,5z8ZPoZCpmJv5zujTNfvqL6dAF4NMcYCKmaQQqf9ApEnWzCq8coGzCC4y16ASJvimnbNNEZUgyzDe3Prp8x13kcQ
1789421361,D8EQdHU7K8cz1pCPrRQafqqbsBGdFeC5yXbXqNvpump,2026-09-14T12:30:35Z,al,5HDEmWFSVUeXvLjfauJkbLE7JiRA89Fb2ECk4W2ZKqwp,2641.07,5sgdLiq8D91ZGKTZq1om66SKCRvVa7bq7KQHiCgDEY9PabyWGs2cdEJiz2kwrjKKFCQUcZDsw4FxPk8k77xzmWt
1789421361,D8EQdHU7K8cz1pCPrRQafqqbsBGdFeC5yXbXqNvpump,2026-09-14T12:30:30Z,al,8jSG52TF4QAfXVtra6ygS3TTEJu1FeGttPWopPFb2QD4,2957.64,4bMaxPz53GKqNohchiDapLQGpoM4cB9MKQfBCw3ciRMKz6YMMRmUuwWcgxnKfWrSUi3oSamxdovWPQHrG3oAada3
1789421361,D8EQdHU7K8cz1pCPrRQafqqbsBGdFeC5yXbXqNvpump,2026-09-14T12:25:23Z,sat,BCgqKFdXXYydCfXiLyoMhuG8G7C57SFWYynBUn3W9sNS,51921.56,5uNqrELoW2hCTpVFxRrqzJGEkfa5AwKKaYSy7suNsCPsi7QtCCgHJx4aJuaTuYwFxSLB33gRe7sZa78mQQ2KmgfP
1789421361,D8EQdHU7K8cz1pCPrRQafqqbsBGdFeC5yXbXqNvpump,2026-09-14T12:24:06Z,al,BCgqKFdXXYydCfXiLyoMhuG8G7C57SFWYynBUn3W9sNS,80475.23,3MBLVMv7cSwqDDivEtmP22T4D9ignrzJt3HKkpEmVqULoq8LdBJEZGq5uar443F4st6LEzAbHi1PMLEpLoY5XCrH
1789421386,anLNRkTzJ9fvCJQvEqJcMMw7eWYuFGN8TsSqYmcpump,2026-09-14T12:33:06Z,al,5DvnUWLgjvcYXqqmzeVAZCeQhk5Rt2W5e4ydBgms5tDK,3019.03,3HkUPQaeFgxyZp5c5Nk5MuDjWCdpPjkvgStjqWgcUTTSN7qiMb6RQqLRDbxyCJMQQMon55L6efdUTGs1uZevjJja
1789421386,anLNRkTzJ9fvCJQvEqJcMMw7eWYuFGN8TsSqYmcpump,2026-09-14T12:33:04Z,al,21QNdyUFxhUTo37RD7x3KVMDXTx7xVw73ozfPyVGuQVQ,2777.11,sdxAVGmcZMuJVmwqPyi8dBaVLj7XiJ4h1Yh334dwUSenrzLqxUMJNWZbi54vqJ8awNnETpbMSy9dXEBrxMT4T7e
1789421386,anLNRkTzJ9fvCJQvEqJcMMw7eWYuFGN8TsSqYmcpump,2026-09-14T12:33:03Z,al,8jSG52TF4QAfXVtra6ygS3TTEJu1FeGttPWopPFb2QD4,2522.79,ZMbbLdhM2GN3L9vLKiTDjNj9MikWCyU3jVq9NZHQBchnStWWrbPt2VMK8tcEeCrJijbsVbZgm2rYjcKVwaVMi2B
1789421386,anLNRkTzJ9fvCJQvEqJcMMw7eWYuFGN8TsSqYmcpump,2026-09-14T12:33:00Z,al,8eNKUu3xFc26smYC64jnxXXPy7yzLV3uSR2JhbdYGBfS,2529.38,5W32ZnPrVUZNBbZFFGYiSLQsRWWDJgFmxBp7DPnvAPPrTwBQfHBAvPTB8TyN9Yt3EWggnwhNf2jiXVTYQ46EmQSK
1789421386,anLNRkTzJ9fvCJQvEqJcMMw7eWYuFGN8TsSqYmcpump,2026-09-14T12:32:56Z,al,5HDEmWFSVUeXvLjfauJkbLE7JiRA89Fb2ECk4W2ZKqwp,2637.76,2u1moHJoQz4DfjiVw3d8FMXKtBdSNjz1ijs8vFmRDaF3SBrXdZ84E73C3UuuMzpDHjhqrk9T2P6DQQVBvkjZZNW7
1789421386,anLNRkTzJ9fvCJQvEqJcMMw7eWYuFGN8TsSqYmcpump,2026-09-14T12:32:51Z,al,ExPGnvvGjDCRggpRXkR38nmVEKB6Nmfkg4zv2JhU4pxh,2715.13,zq78nRcovY4KhGLxqv9Vc8XCXKXHzrtoEoJLRSpV5kWWRKKxsnFV3rhLQW14znfsCyLpzYsa6g5GP34umVSEm4G
1789421386,anLNRkTzJ9fvCJQvEqJcMMw7eWYuFGN8TsSqYmcpump,2026-09-14T12:32:47Z,al,AjXyG5khypRAFREYhLmVVVTPLXnsN94yQhCVbGtBqG4R,2729.45,4hnqxfT9Mfz6L7DG8a3uAXDt6sy43DvAu4qHuUbd8zkfrSoYAgQ7V2hZtx37xsp2XgByouznYU4gsN4pigxKWYLS
1789421386,anLNRkTzJ9fvCJQvEqJcMMw7eWYuFGN8TsSqYmcpump,2026-09-14T12:32:45Z,al,21QNdyUFxhUTo37RD7x3KVMDXTx7xVw73ozfPyVGuQVQ,2599.49,7iWBXJ3JgykoVK5eLc1y3jAmqtnxB41MZ8fDq7k3u9zBAoN8pjo7gQnuDhvCDk2mvFxFoAokgsaSG85AzdR6nUC
1789421386,anLNRkTzJ9fvCJQvEqJcMMw7eWYuFGN8TsSqYmcpump,2026-09-14T12:32:44Z,al,AJwshVbBrmx5MUoMfFqfJHPYgr2kztuuT2ReQJnX9TeT,2715.03,4WVp3d16ZZi3ys7HziRY8kakW6zfTCXYuix35Tk8RQ4CGMXSzLMCQKmBXCWsZe7VUejXnvF2GT8mJ3inJBwtc9C6
1789421386,anLNRkTzJ9fvCJQvEqJcMMw7eWYuFGN8TsSqYmcpump,2026-09-14T12:32:31Z,al,9vdqNHHbLDANGXmx3Tgu8yvnD8egdFKf8mAaHdn34LX6,2554.76,rWvdEV2NsZgnSXPGxsz6jE7Qs5AkHyd6oMBsK5fbchuVysxT78oH2yzZLXuwRDBhMNnDx5Xrau9AwmL1VMtLVeF
1789421386,anLNRkTzJ9fvCJQvEqJcMMw7eWYuFGN8TsSqYmcpump,2026-09-14T12:25:34Z,sat,BxPJVRbMUhxVKdDtp4gLLTSHPrrZrvFr8cmjn1YijpAe,51921.67,2eijU7qiVhPqz2nYANMtmjCezeCChP1RBqUMVZwc2gTJqfiHCGMSVJqqWcthQ3DPrH4bcf3Xx3sVXEoqgiuuMePt
1789421386,anLNRkTzJ9fvCJQvEqJcMMw7eWYuFGN8TsSqYmcpump,2026-09-14T12:24:31Z,al,BxPJVRbMUhxVKdDtp4gLLTSHPrrZrvFr8cmjn1YijpAe,80477.46,5G6mawiLLYP8U3nzf7uMvJQK6h4QMuZ7f63PwfBmqzYh8DQeBpUtF25abjcMHxfXiKFuXyQs7ThfkViawoQ2m1UM
1789421398,dEZjoi7HmgBHRiQhAduNRTAAZApJXFGttz3UAoVpump,2026-09-14T13:12:05Z,sat,4eYwG5sYzrjedP8kwJwjJsfh4uDASimhhAuqzvqzwxrd,325525.53,3Zq3eNBaUxuiz81z5VbVfAUhSNyvTeZ8qqU4xVbuwTyyNp5ujNcL6xKZ8AuiN2VkZuXxPP5U9Jg2N24rLAR5zJfd
1789421398,dEZjoi7HmgBHRiQhAduNRTAAZApJXFGttz3UAoVpump,2026-09-14T13:11:21Z,al,7iVCXQn4u6tiTEfNVqbWSEsRdEi69E9oYsSMiepuECwi,10538.15,2iMUkfJynjyomJUVkBz5b1RACsmSm9ZTeLZBS6ygz31pWeNufkgNqeuo66R2RLywiTMTGMfSmNvCRYDVxSGyjK6i
1789421398,dEZjoi7HmgBHRiQhAduNRTAAZApJXFGttz3UAoVpump,2026-09-14T10:36:01Z,al,CeLWqKJHh32XyfSPouoA7DNZCMmH2BL3BHirRNaLc2GV,285534.51,4kJX3x17hczH2oD2UFsfzGEUM5c8n91eoJ7ZdqhVJgsRN4BR1E3UB9DSVK2zUhGTp255JLhnoMmc5Pcvqq5ib3sG
1789421410,iXNkw6ZzTd1iqzGwKnSmQBmnQejcERj1RkCX58Hpump,2026-09-14T12:13:55Z,sat,43s1yLngztzsCJci6xitrKD8YNQPcNbjrDwu6w84fGC9,365945.36,21yPV4H9QaQt8LWiPgsQF84nwXdFb6S97hcGGJGP94NhywjnaJMDshhFZPwuiJ28sMvjS2gbUpU7s3dfjbj3qzCk
1789421410,iXNkw6ZzTd1iqzGwKnSmQBmnQejcERj1RkCX58Hpump,2026-09-14T10:36:36Z,al,E8iDxRBzXAvNyxd8hKvghrUafD9sp84hgWqqSNreKP7P,2748.3,5NBtn6689CkKuqRnTBUDWsaDQxJtaGbEiehe6kP8wW5PjMtxPrW9uCQPxp6ZfYkHBysaFWUFZRN3hp2XyrnJZoEj
1789421410,iXNkw6ZzTd1iqzGwKnSmQBmnQejcERj1RkCX58Hpump,2026-09-14T09:35:47Z,al,DehTjPyihjWG5qjw61o5qZiyCrshDDKsfkqK3CynB6fH,301085.2,4n1gsAWC6Sh8PbJs7J4zY3DL11rWbAXTJ6KF48G3RkShPzFoofyVCnULLT82ScUfKebGtsi76k1r2qbcTboKihH1
1789421422,2MemCNPYBTA2bRo9uFpk69H65w2Xmxf9zJSpzSuvpump,2026-09-14T08:44:33Z,al,BW13hErQ9RBTSxP8oKFLErPUeQMwiK8JTrmsK3mFRZMJ,7082.9,4ogqUq6awkWyXitL5LkG1eqjMuTSoeX4anGEHGKct4f2u2tsCP8aAG8NfWEGN1UxAQEs7ikbkSXiXaNRte7jNR6d
1789421471,9rbAB5BTo12TkKt5ed5SzUXjgBckkFmtcKdPDbMtpump,2026-09-14T10:28:14Z,sat,ES4j22Bh2AU4jEAUJ4gote9xdA84STjvMoXb18u93g9p,2806.99,41783Bk7QmCkHkptoM2TkrKP19PTLbCkrbehaDthbPjjuSLJuGh47X5JE81dCjS1JbxPXYxiUnVphHCPtJsS17jX
1789421471,9rbAB5BTo12TkKt5ed5SzUXjgBckkFmtcKdPDbMtpump,2026-09-14T08:47:26Z,al,DB8Y6S1qNuPsn9qXBKSrrSUPi4J4AXZteNB49HBjLzKR,6566.98,BqyKPDavSgwk9pSBmhGtJ9zxAuFBFHQ9HpaX8bKeYF1CiaVBLdRpr4PcZyBxTJ59Cf82YYRBXWnuwdL9Yz5ER5L
