ts,token,tur,d1,d2
1790127825,G8YYGNdptYe4G6RC8EnHwXmoC77xNFveGhBsCyaMWEYi,profil,,
1790127825,5NXdVMQcyJkQM8EcxVVmdm22b5JKuh3tBugFUAfgJuVK,profil,,
1790127825,EPeriYNFijWrPZf2yhek1oWtxPy3cbPhwFoCXiqNpump,profil,,
1790127825,5jX5ERFZNbC81TMdAnx7wQFR86t4fhtE9p3hoReDpump,profil,,
1790127825,88AJkY3FsumgMvnUececgZ8Lz2uMpN1pAfEB1Ky1pump,profil,,
1790127825,CzHHeHcbRqXwwctJBkEhhMXnMQAZFbaZfvaVz7aeBk3d,profil,,
1790127825,4wYd4vPhzaUQs5vqUrEJ7CPtKg1qzXHhauERuh4MiNMB,profil,,
1790127825,7cGjSGk8MoeAd5oQycYoh6cJayBfiCynvPasa7JGrRgP,profil,,
1790127825,Do7W9nn6kWpR8C1JgQeXLUtF9KdhNVTxkss3q25YSTNK,profil,,
1790127825,HqyTxEqk7qmLu2Gnx46eEZwQhzCf2yVqRompLaKYpump,profil,,
1790127825,2MWQZaDa8DKKq5c6Lkr7n1KJJKwQ1QaH3r3kZjexpump,profil,,
1790127825,L2pnNX8eBbNLYYH2Sr3riBksJJSpauQueazTJ8epump,profil,,
1790127825,HnHWY4wJZevCgy6VA4kDnXampexaXDAf9Gu9EBe8pump,profil,,
1790127825,Geop4iuwimRfQ8qewnrhyDXUVyakvzgq3d1zdCSyR2wC,profil,,
1790127825,c4AtfqMRbC9FuHtVEHDhCm453tytU9E34MXXrp6bLuf,profil,,
1790127825,3mTqyvxZiEB7stf4NpAh8BcZifTEEyzzxd4F7dCap929,profil,,
1790127825,G2KB6Yvhs2ojSVtQ8AmCLAMR6wLxzAscS8nNERcYtUVD,profil,,
1790127825,CoinVhCXXrNp2pZqua1771Pn73VtGX1ZeDeU9tjV6s9x,profil,,
1790127825,C7eMXYNwC1NurHTn1uAuYns72AQ7eFoKNWAg9Dwve73P,profil,,
1790127825,3i43bRLKSomUXyin1jgGsd3y9MgBW1cdX3nh43YD3W4R,profil,,
1790127825,FtvWknQwykmb89Rfp7pyJaSMrTDrnqmNUpgeHvYxsYNB,profil,,
1790127825,25WqFGy3G86FvhrHEW9C16CchKT7ehLKq3pUXAdYpump,profil,,
1790127825,5hq1zmzEtMoMBkZAjywW5xbsyYfUwE1Y8HfmLraFnAWe,profil,,
1790127825,75QaXyfTumKwWsinRAzogBg4ohLDZZVzGHE7pSZ8pump,profil,,
1790127826,4eLRe7Vh6UWDNxiDZPg9tqiEsaXnWf1Ar9SDam9Mpump,profil_guncel,2026-08-21T02:47:33.498Z,
1790127826,RJMYJKZe1DR69XwznGAfWx5QueMmXQ4uPt1Fuphpump,profil_guncel,2026-08-21T02:47:18.131Z,
1790127826,BbGcaeFpwhshH1EJTbh4KJzrgRgjLajx1afMTnRVpump,profil_guncel,2026-08-21T02:40:22.556Z,
1790127826,GqnkeRkiSNMdRNCg94hpsBJnQq9ZFsicWhnyDBWNpump,profil_guncel,2026-08-21T02:37:49.493Z,
1790127826,AFLtAUCxuu6rSfpE2d366zvQkG5KPBES9Tnr6gNVpump,profil_guncel,2026-08-21T02:32:18.071Z,
1790127826,QY5tHAnGgDjq62L4Ch61oFEeEUHF83H8sFS2yZLpump,profil_guncel,2026-08-21T02:27:48.069Z,
1790127826,CzeYh6zKRwRXmNwrb7PdQTCmd2upRSRH1iyh65bhpump,profil_guncel,2026-08-21T02:27:07.211Z,
1790127826,DmUsS8DzCUF65MYVzYg5UaBe7GvKnqso7bgiGmGapump,profil_guncel,2026-08-21T02:15:48.057Z,
1790127826,4H3KjxdCwZ5dKAtHy6uBukDEi4QAuVEnzq6mHR8NTRPY,profil_guncel,2026-08-21T02:12:48.110Z,
1790127826,DWrrbYP65oo33Fk83iaQVHQhytntFM1uooyJHjaxpump,profil_guncel,2026-08-21T02:12:25.054Z,
1790127826,BorqazWEAnSQDkCkMSQFHw7cbi5o7CCbsDioMySTpump,profil_guncel,2026-08-21T02:08:35.351Z,
1790127826,4wXP83KvMNHBRqczkqwNfCgj7kuUqnYZ6TgnxrMWpump,profil_guncel,2026-08-21T01:56:17.979Z,
1790127826,3vWyhqT6wLsBTS9nGfoQzHFRva3JYJejNeXKUxS7pump,profil_guncel,2026-08-21T01:54:22.955Z,
1790127826,2cpzoowjxNkBdyjqa1Dd21xbzbYCCuKGQ3kViPQ5pump,profil_guncel,2026-08-21T01:48:47.953Z,
1790127826,GDDaU4iuYHTX8WdRtRBWUtg1uTvEtK51hwasgGBJpump,profil_guncel,2026-08-21T01:47:18.333Z,
1790127826,GFZwynuQ2LboU1zJBiXCPpPC4hnj1SVBpYmRHASrpump,profil_guncel,2026-08-21T01:44:17.981Z,
1790127826,9XWmHuoR9yRxC4VaDU5US3tX6hMGqJWHF6vYQqHFpump,profil_guncel,2026-08-21T01:42:46.072Z,
1790127826,2ZxDytvJHqa8Y5JizKfXiQPPpp5uJ8BWXdkNJq8gpump,profil_guncel,2026-08-21T01:38:18.052Z,
1790127826,4wTsqNF9bbP3D5Em1qksiPufs2GDZsK5HapSvYiWpump,profil_guncel,2026-08-21T01:38:18.029Z,
1790127826,Gj8pxESpdiirtBSuF8zQ4DWTAvK8TbpFvvTMLkk3pump,profil_guncel,2026-08-21T01:17:17.874Z,
1790127826,42ycK9ArByM4eYxuKubiWxrYpcFbsuXunpDxHZWAfDgm,profil_guncel,2026-08-21T01:13:50.514Z,
1790127827,Hgtpj3Rg2BWWeopkAiVy71KT8L8nQWMxxxFdChq2pump,boost,10,530
1790127827,2uAShfWGvJ1uwHQ4gftsvoYXdayK2hwDQZXTFnmhpump,boost,10,30
1790127827,2uAShfWGvJ1uwHQ4gftsvoYXdayK2hwDQZXTFnmhpump,boost,10,30
1790127827,EWgq2xUb6eVCApeQombkPxd6uFjM8j9zRUXFS9MjKTiv,boost,10,10
1790127827,GXzDKW96ZzdmxKVGPngP9jeNXWSrriosap9e5azZpump,boost,10,10
1790127827,VzqFToxrHqs7BFtfWvwmGAn6nv7p9W3zdmW95iTpump,boost,30,30
1790127827,2uAShfWGvJ1uwHQ4gftsvoYXdayK2hwDQZXTFnmhpump,boost,10,30
1790127827,C3b3fpyRWsJf3bo6vay2vo1bQ7CezwumZwTrP82Lpump,boost,30,30
1790127827,EEpdeXZtfVCkdrnLoyD1XnU4QidYvzLkmWUQVDWNpump,boost,10,10
1790127827,42oZyfUViDXhfgE814YPyfX4knaNMg9ntmTeZyirpump,boost,10,10
1790127827,HirVitxn98jZZgakMKjvbJshCMCfbJcw1CbVREPTpump,boost,10,10
1790127827,mjkuULEWcvMVdA2PkKnHkvn1eJ6zPK1of1hpAtAAv3S,boost,30,30
1790127827,Fg47LEKtiHTSxGjSmZdudfGsv9VHEHQ8KUSdFYTLe9z2,boost,30,30
1790127827,7jjTerm7hjga8Q1VgHzEkbNGUy7qTZca3i3tBGcEpump,boost,100,100
1790127827,3szq28LEQFxuB9tFNbS4xd7pCZs69d9J9W1ecyXLpump,boost,30,30
1790127827,BSZR7tCG2KefQNVzcJbcmdiLoqmsf5hdhwoL6W8tuEbZ,boost,10,10
1790127827,BeqTt4qqhH4qjgA6wN2dxjzM5M7qgabiTnT8apm4pump,boost,30,30
1790127828,Hgtpj3Rg2BWWeopkAiVy71KT8L8nQWMxxxFdChq2pump,topboost,530,
1790127828,BLSuVTxKYDL4vm4XmG3oEJfsSGfJZF3cgy98ri68pump,topboost,500,
1790127828,DkPQvrx7CDYrL4HfHijz6GqZLYm7Pd4rm1kTiumLFwhS,topboost,200,
1790127828,7PDAotcRRWUNUubyweQbUFaJ1hZb9iEbcpxPxN3dpump,topboost,100,
1790127828,2k1g1NKB85swTVLYijWkutRFMS9MjXfJnqzzqfSypump,topboost,100,
1790127828,8Vte25yt28L8BfLXm8DrzjSYEyaKX8yry6hRKRmX7FGd,topboost,100,
1790127828,HUcEu35oz1yku1yLBSYRL1UyAnAh59ZCkAYPRe2xpump,topboost,100,
1790127828,HzaCANKGkhNcQGb1VWL8f4tHJYrCmaXrPWk9eHR7GYYX,topboost,100,
1790127828,7jjTerm7hjga8Q1VgHzEkbNGUy7qTZca3i3tBGcEpump,topboost,100,
1790127828,E4Ap4icMLwKot8rkkTbq5JkS5kZxt5XCE3yfxbzYBjHx,topboost,100,
1790127829,GyaBdGkrktJdJJcqoXi7mVC37d8eECu5SetPz8TSpump,cto,2026-09-22T23:46:01.301Z,
1790127829,5mPVUc7pDVZnJx28vrZFwYQcsMqqWsoW3QWdNTmZpump,cto,2026-09-22T22:49:50.230Z,
1790127829,7ifX7okDF3Q5equtyFo5BkwZyeKY1hGcZCmkZQ5upump,cto,2026-09-22T22:22:55.741Z,
1790127829,6LrDt7nBiHraUuk9PZoUL8Qy9WX6pnSpDz1RkWWRR7hN,cto,2026-09-22T20:52:48.190Z,
1790127829,7m6W5iH3ymBAdhWw8EAg4RUr5exsC4x78PXcYimvpump,cto,2026-09-22T20:43:26.059Z,
1790127829,7ghKoBZBAjGSgbxix5K5kFhQzu9mxVmbdPxRT8j27eEo,cto,2026-09-22T19:01:55.782Z,
1790127829,E2itWssNNRVYSTd7U6Q7y5XVRVJM4eAxG7TGSv5epump,cto,2026-09-22T18:25:33.728Z,
1790127829,44JcD4XMTxo6jy9yczrRkFQv91yzrvNAKG8XpnaL2tLF,cto,2026-09-22T15:44:01.035Z,
1790127829,AVXPQqxd32ABAP5F7shHKNeWBpos9miktdH3uKqgXYJZ,cto,2026-09-22T15:34:17.896Z,
1790127829,8CECyxU5dTBwvzYXDcvzkgQ3qV8nsxXDrST396isn4Tu,cto,2026-09-22T14:51:31.652Z,
1790127829,FvhorDts9M8uJekzs3pBcYUPUjWtCTrGLhdv3ADHyeRY,cto,2026-09-22T14:47:18.659Z,
1790127829,GWTP6M5bxhaJ1k2Kxvf8hhYaHE6jZMhh4cKzFuCpnc83,cto,2026-09-22T14:09:02.515Z,
1790127829,2pouN3by7twkiZGy5aEKYUpf78ALDpKRTNu2WsQkpkqt,cto,2026-09-22T13:33:55.013Z,
1790127829,At541hRZhK9LWKj9w2dqN2wCdpFyZgRa1Un2yG7xa43m,cto,2026-09-22T05:41:29.826Z,
1790127829,E28eQFoCPndfLUPnxYgEWHhbnEVqSpyNPgAacoAEpump,cto,2026-09-22T02:24:45.755Z,
1790127831,BrTMcjAZyyhUbBnECAFpB1mMdk8qMVmjRui5YVUzGjQa,reklam,10000,tokenAd
1790127831,H9JwarQSuFk4q6ekuMpig4CkJyv7NtSRQ8BbCsmapump,reklam,10000,tokenAd
1790127831,EoCvLdAnZKbuqEq8zgTi2X2PmYmuhKLLngeJp5w8hK8P,reklam,10000,tokenAd
1790127831,wsosWQDzBHibcjJefnfjd7VHQcReZQhhUNTxxgmEhar,reklam,10000,tokenAd
1790127831,DVdVsMUC8RyZcWtd6jn7BnyTd7dHEh7k4C5zsM9PCMtd,reklam,10000,tokenAd
1790127831,5hdHot8mnpR1hQAxwv9mL2M2LbHLfFgQoyY7dLBtKWEJ,reklam,,trendingBarAd
1790127831,5hdHot8mnpR1hQAxwv9mL2M2LbHLfFgQoyY7dLBtKWEJ,reklam,10000,tokenAd
1790127831,wrRVeGUAh9GHVPQFAFHueL8SAXLbtvS46pFmjJsqRwY,reklam,10000,tokenAd
1790127831,3dihkgvUTJVZXipJgL7cr9A9ifpSYi6k39rYDMuEb9QX,reklam,50000,tokenAd
1790127831,5Kc2PwwPkyvRXC8wHgkVfKwxrMGktRuDpwTgAy1bpump,reklam,10000,tokenAd
1790127831,7rLE7v9FqaJdK4yk6Fmm7oY5MYfuZ9k4cYi1W7MsHHvV,reklam,10000,tokenAd
1790127831,7qmSiRrdFK3zwAgzKyiZ1xEQMiSPs2bgPK8DCtMNpump,reklam,10000,tokenAd
1790127831,6ZuNFbwU4L9TEhLqybDdWuqBTb8Lh2znF2sou5urpump,reklam,10000,tokenAd
1790127867,HwdQKZ4jjn2CVTZdykEBKahSdgw1GQU7jMiyVpGyqCtm,gecko_yeni,24367,
1790127867,8CM8NCnRUWh29nDitQaW3mVSp5JE9HiFf85JJiZYpump,gecko_yeni,2628,
1790127867,DacjGBZR5ytHA4cqqNGMZ8Lu63QQeXenmuvwgxCzpump,gecko_yeni,2660,
1790127867,BBBZoFoMH2XBJwagaq3GabRXhYcbL2e1PKNrgS8CgKSY,gecko_yeni,3768,
1790127867,HjwnB2fs2D9XBDMsC9zYm1Szqb3SU31C7dLhSjAipump,gecko_yeni,3821,
1790127867,HqVbxn6d8c7UmtoFomVQFU2NtkpaRwNmkV1YZLKspump,gecko_yeni,5352,
1790127867,BNmkBWixUQb595TJ1hfcGKhonRjrK9JYKM6i6jo6pump,gecko_yeni,115,
1790127867,CKYGV4q68iFTHw8ucLfbxvAvMoT91Vu6bWdfjFmPpump,gecko_yeni,2624,
1790127867,CqF9bPps6ppEcJq6K9ZbG8VkNEmiLGxf1D4bXaQTtKAQ,gecko_yeni,2625,
1790127867,HhFyU4B9UDgZuQVtqEWvV4hGigUexywpiPPpJdGKk5Ko,gecko_yeni,31374,
1790127867,GfdEabp4dTagjNJHL2TS16VkdnkoyjmiDCMF1EeQr4V6,gecko_yeni,6251,
1790127867,3nz8oXQwZEJLi8MXVTofZB4Q2rhRY7qunbVfNRfausGk,gecko_yeni,4237,
1790127867,3A5xqfxxqdstprsfj2vWRnuhaCo4eByyAi2ZBH4Qpump,gecko_yeni,206,
1790127867,BQ3LxujAqGingkmtpufF53FCEs1EMsYgTbS2bt8Wpump,gecko_yeni,2623,
1790127867,BTBsqNS5urqQ5SRewZs64HuAQpDkeBwhFjkSk3ZfzXqz,gecko_yeni,5401,
1790127867,38Nmgh13Hc7MTgMJ9EWDGpkyBoLu8xbiA3mjUndjpump,gecko_yeni,2632,
1790127867,FgoAusQQSJATfKZP69b4roKXLgmQ1xQyawGSDqZZpump,gecko_yeni,951,
1790127867,E9LATwwGFhYMA6hp6gFB542aAdYMktCHuvp1z1SPpump,gecko_yeni,2655,
1790127867,5w6dhc2vXUcVSwhhz4MbmzBMiy9745Ch8rQdsVP6HdGP,gecko_yeni,55236,
1790127867,EwJ62DvvXGeeUb6Q18SXNor4EKjWG36ceqwpPBYypump,gecko_yeni,3220,
1790127867,HFbexxvsiLhUaYEK1xgqERgRLwsZHoCP9dQYKLp2pump,gecko_yeni,3436,
1790127867,3icExzkzdHemYvu7NfrQtbE1D9viXsXrzxepsXG1pump,gecko_yeni,741,
1790127867,FdGcqKjtRzES5X7vg8dpATq6No3LHpEf1SiKh3M4pump,gecko_yeni,2633,
1790127867,C7TMDivZNDhnYDNe1qGqwC1LtZS37sVjf7cn6SCSHsZt,gecko_yeni,0,
1790127867,A4ByaAJ4siXidQds1WKvaJyannPYwWd9yp61aDYqpump,gecko_yeni,3877,
1790127867,44gN3m5JTtJAsN391EioSstdmAYRRUK5WHfpG1JM6AUx,gecko_yeni,2996,
1790127867,7B1nkD4xzCwPjBt9MSUN53E8pa74guhvkWGAPanFXPhj,gecko_yeni,5102,
1790127867,2ojS9XKnXTyfa1jDRXY8mvyaEfnnynNnRvh4TX5Dpump,gecko_yeni,2624,
1790127867,6HRTzLwBqfq69VvgkzXhbhd3TYjXQu9H1TDS2xVmpump,gecko_yeni,9678,
1790127867,AsV28QB81C7a8XXyonuRNH3a9R8KwR9wxeQSB82apump,gecko_yeni,4062,
1790127867,8a1jnPP5BUMEGAWU7R3T43T2M9kn9jFBfJnKviCSgU58,gecko_yeni,5311,
1790127867,AdsJAgrNsK8GHavR4YCGLkkxDXf6osUV6hJKfraqpump,gecko_yeni,774,
1790127867,GGTmmKwmYEymP1XHVyS1Fjmc5qKLfGJz2XfhcRt5D4NV,gecko_yeni,2966,
1790127867,4YVPaN6CFuQAT5sZKQmq58zfcpQ43z1ssro3h7WRpump,gecko_yeni,0,
1790127867,DkmLSpZARvXiizx9ZCpcE1JouKSqEygzrQDLGzfvpump,gecko_yeni,1317,
1790127867,AEEPYV72HLDAdKKgDoiGhHFsop2hLuwB4UJLzDoKYymp,gecko_yeni,23844,
1790127867,2aVx8JFqFPBziZSaV79Yy9Mfpa3Lk7cGyynSToQNHBy8,gecko_yeni,0,
1790127879,AhfpfEFkvdsN5NweFPyNCTmXzowQVHxyPHo11nSAjXSZ,trend_5m,1,7T9swvfMV3yBHdbDdnioduZuVogceEZijNfXY2fzXS6i
1790127879,GTBxUiw6wJdmmkCGZgRHLyYxqu1vG4KtRpeox6yDpump,trend_5m,2,4R8CiMnJWDNoes3fQi1ccPFJygPXazaHaWpHrN3rZeNj
1790127879,pumpCmXqMfrsAkQ5r49WcJnRayYRqmXz6ae8H7H9Dfn,trend_5m,3,2uF4Xh61rDwxnG9woyxsVQP7zuA6kLFpb3NvnRQeoiSd
1790127879,eBVREVEKk157f1DCqadkZ7przqHscjPwfvYgftCpump,trend_5m,4,CTVBJDLSCPwS4cFGGg81u9HpapWvbjysoe2KiZbSWyWW
1790127879,4k3Dyjzvzp8eMZWUXbBCjEvwSkkk59S5iCNLY3QrkX6R,trend_5m,5,2AXXcN6oN9bBT5owwmTH53C7QHUXvhLeu718Kqt8rvY2
1790127879,E227QbhX34dGo7fc1sqpZxDc8jgNZbU8ybvvxfUyxmrL,trend_5m,6,3jWcWx1X7bkMjPr5iRtAs4c1D8EzSDoUZ7aS2soBqKF2
1790127879,DezXAZ8z7PnrnRJjz3wXBoRgixCa6xjnB7YaB1pPB263,trend_5m,7,5zpyutJu9ee6jFymDGoK7F6S5Kczqtc9FomP3ueKuyA9
1790127879,MukLDtJ8Cx9DxLbeyLRSWPSposTMWuwHANbuaudpump,trend_5m,8,DA4pM4xSDY4M9V4CgAKKBVH1pw1yscTQQa5nEkGHuKpt
1790127879,8HbGFeuB4tcdWp2KwjvTW6nSoyoEa1VUoBsaZjzKPYdd,trend_5m,9,CgZo28VT8GLAqwWvG565u1iaR75etw2W7GNS2GzYUh6F
1790127879,9DCj4JYFVjrVA1jDPivo54ziBB2JLWTrYv31PzEtpump,trend_5m,10,7b8EyJ7ydnnM6zasgBk1aqWAmyPPB1VwynnngKUBqAHP
1790127879,4wYd4vPhzaUQs5vqUrEJ7CPtKg1qzXHhauERuh4MiNMB,trend_5m,11,FDfmFmtyvRhLsD1gFDZzFSnouSXZyDSki8GJtJvLER5y
1790127879,BjfTMW2V5hxWocE3WQdNADdP2JQkPyuTadknoC1Dpump,trend_5m,12,93dbRR7MjHWf7s9XNW43RYdhsyjcbZpCbF4ptrygHSZc
1790127879,GxWNbw3JFZVUnFSvUw11FTajEzG6yzSSrJq5nQiMrYnf,trend_5m,13,mkwWdKmouaeMEottcQZCSJkbUHe8LFDUQiXxsEZoU4Z
1790127879,B4S9rVAy2VFp9GNHVgHgCVAwX9AAFXi8GyTBTTxo6rvh,trend_5m,14,9X77B3kehrwuoFzUpiMHWnCXN5rSNNrNXpy46FNJ1HcP
1790127879,AMqCCrGTsmdK6a8r9BGDcnoxHFr5kVe5JfM7JYrfjFz7,trend_5m,15,26c5TjJE2pudhJZoHxNffbxpQ36YPdeL7RSHyz1FwReN
1790127879,AsW7CuFBJwKWZKBCBqRJVVAg1QWchhNeSu1nMEmZpump,trend_5m,16,8oo1APyu3UEGAQZVTVmw5Szjg5x9NT7Rw5c2GCta48Wj
1790127879,CxgXSmHg5WKKcDBiWzUDBTMYB2vWx9f1qioEfNeRgd9j,trend_5m,17,p6vsFBeTJZtyNUsMx8pRmnHX812WQQMAk7Ft7UAoqkK
1790127879,E5mFEmBaa2GZuUuJV9nnoLWyjLGit3iNUL8FuevHpump,trend_5m,18,2qpmuJXuFdN1EWzKdW67fJxX5Sy1antgo34neEUxpobf
1790127879,EKpQGSJtjMFqKZ9KQanSqYXRcF8fBopzLHYxdM65zcjm,trend_5m,19,D6NdKrKNQPmRZCCnG1GqXtF7MMoHB7qR6GU5TkG59Qz1
1790127879,BiJBXNTJ8m34ExQHWxRJ5c9ruJchn8Gmpzh8hRzBadjV,trend_5m,20,B2snw1TKnAGuLvtycJxF1nbAy1mVUY4kvC12Pvwww1kC
1790127891,GTBxUiw6wJdmmkCGZgRHLyYxqu1vG4KtRpeox6yDpump,trend_1h,1,4R8CiMnJWDNoes3fQi1ccPFJygPXazaHaWpHrN3rZeNj
1790127891,MukLDtJ8Cx9DxLbeyLRSWPSposTMWuwHANbuaudpump,trend_1h,2,DA4pM4xSDY4M9V4CgAKKBVH1pw1yscTQQa5nEkGHuKpt
1790127891,6GmAFSYs4gk3FDao5FzzySQpPZaWsa4rUJHacpMpUNgx,trend_1h,3,zxTpi4BtaWX3mgdAPoezkMD1hxx8CdeCfrqXMWvSCLX
1790127891,MboMMGXjGDi45hfjCVzYru32kEM5nw7VzCqCofZpump,trend_1h,4,4kJEwCpiGtvFRxm1RKYExsFCm1CsB8RwnUQv3LCQs5YG
1790127891,4wYd4vPhzaUQs5vqUrEJ7CPtKg1qzXHhauERuh4MiNMB,trend_1h,5,FDfmFmtyvRhLsD1gFDZzFSnouSXZyDSki8GJtJvLER5y
1790127891,A7bdiYdS5GjqGFtxf17ppRHtDKPkkRqbKtR27dxvQXaS,trend_1h,6,GTHKH8s82ZR8GTSFZ1dUu6wfdxhy59wpMShxzG5zjiPm
1790127891,4k3Dyjzvzp8eMZWUXbBCjEvwSkkk59S5iCNLY3QrkX6R,trend_1h,7,2AXXcN6oN9bBT5owwmTH53C7QHUXvhLeu718Kqt8rvY2
1790127891,DezXAZ8z7PnrnRJjz3wXBoRgixCa6xjnB7YaB1pPB263,trend_1h,8,5zpyutJu9ee6jFymDGoK7F6S5Kczqtc9FomP3ueKuyA9
1790127891,pumpCmXqMfrsAkQ5r49WcJnRayYRqmXz6ae8H7H9Dfn,trend_1h,9,2uF4Xh61rDwxnG9woyxsVQP7zuA6kLFpb3NvnRQeoiSd
1790127891,Ai66LHZG9MCzg1WKdawwqduVAXpNDUuV8M3uyq5ppump,trend_1h,10,HMzvsEEmtzHhvZNw9uwbaG85HCTmFnkbhzUx16cy7ca3
1790127891,CbyTNf7UPzvewHh4Zp6umogM2RWahhmGRJWLJnPwpump,trend_1h,11,41rzTMB7JHPTyMXzrYwdqnBecJRhkb8KHYAjrQ9cYxJx
1790127891,2zMMhcVQEXDtdE6vsFS7S7D5oUodfJHE8vd1gnBouauv,trend_1h,12,D4J77RpC5k8Nkh6h8bUw2CJBJrykSRqMuNz49f2Fbx3a
1790127891,6GmAFSYs4gk3FDao5FzzySQpPZaWsa4rUJHacpMpUNgx,trend_1h,13,7a8xxAJBELDo6P9dikSYctdw6ce8F4mWr3ahcAD8Ao49
1790127891,CWZ6BsdnjkDVTGkmL6bGbJXXig6ceef12KvyGQW14cMt,trend_1h,14,54Vp27uLaw4wNLo5n7r4fcC6zLamoQc28xBARjss4EUJ
1790127891,fvHLJUwsynVHJrssbZ8MLNyku9jt2izUspbBD4Spump,trend_1h,15,8qwgwpdfbBMNhdG76bDmtvLeSqtG9cEwuGGy6wGKhTB9
1790127891,Dz9mQ9NzkBcCsuGPFJ3r1bS4wgqKMHBPiVuniW8Mbonk,trend_1h,16,Q2sPHPdUWFMg7M7wwrQKLrn619cAucfRsmhVJffodSp
1790127891,9cRCn9rGT8V2imeM2BaKs13yhMEais3ruM3rPvTGpump,trend_1h,17,6e7V9eegCHw997T72MxgwwJipZ6GJyZF8NvjkzT1rvpN
1790127891,FDaJxBqw1fDhwPQTn8XU3bKH8sXXRe8o5kzC3CdUAv7X,trend_1h,18,EzN9f2oGkMzkEJxdJtySURqvBd6Y8Ah2EoEXsbgutbc1
1790127891,8HbGFeuB4tcdWp2KwjvTW6nSoyoEa1VUoBsaZjzKPYdd,trend_1h,19,CgZo28VT8GLAqwWvG565u1iaR75etw2W7GNS2GzYUh6F
1790127891,PreweJYECqtQwBtpxHL171nL2K6umo692gTm7Q3rpgF,trend_1h,20,4HTy7aTjPm5PTSEws2yWRDPX6gjWM6sC2dV5mv9u8JsH
1790127903,GTBxUiw6wJdmmkCGZgRHLyYxqu1vG4KtRpeox6yDpump,trend_6h,1,4R8CiMnJWDNoes3fQi1ccPFJygPXazaHaWpHrN3rZeNj
1790127903,MukLDtJ8Cx9DxLbeyLRSWPSposTMWuwHANbuaudpump,trend_6h,2,DA4pM4xSDY4M9V4CgAKKBVH1pw1yscTQQa5nEkGHuKpt
1790127903,6GmAFSYs4gk3FDao5FzzySQpPZaWsa4rUJHacpMpUNgx,trend_6h,3,zxTpi4BtaWX3mgdAPoezkMD1hxx8CdeCfrqXMWvSCLX
1790127903,Dz9mQ9NzkBcCsuGPFJ3r1bS4wgqKMHBPiVuniW8Mbonk,trend_6h,4,Q2sPHPdUWFMg7M7wwrQKLrn619cAucfRsmhVJffodSp
1790127903,Ai66LHZG9MCzg1WKdawwqduVAXpNDUuV8M3uyq5ppump,trend_6h,5,HMzvsEEmtzHhvZNw9uwbaG85HCTmFnkbhzUx16cy7ca3
1790127903,FDaJxBqw1fDhwPQTn8XU3bKH8sXXRe8o5kzC3CdUAv7X,trend_6h,6,EzN9f2oGkMzkEJxdJtySURqvBd6Y8Ah2EoEXsbgutbc1
1790127903,3y4KW6Yere8NAjVSPVVWEXkUoDfXV8b6t3EDGS2W5wP2,trend_6h,7,G81USzwt5ud94BDBke2SbdQkeUazVfdGDt8tx8aJdQFe
1790127903,MboMMGXjGDi45hfjCVzYru32kEM5nw7VzCqCofZpump,trend_6h,8,4kJEwCpiGtvFRxm1RKYExsFCm1CsB8RwnUQv3LCQs5YG
1790127903,DezXAZ8z7PnrnRJjz3wXBoRgixCa6xjnB7YaB1pPB263,trend_6h,9,5zpyutJu9ee6jFymDGoK7F6S5Kczqtc9FomP3ueKuyA9
1790127903,5UUH9RTDiSpq6HKS6bp4NdU9PNJpXRXuiw6ShBTBhgH2,trend_6h,10,4w2cysotX6czaUGmmWg13hDpY4QEMG2CzeKYEQyK9Ama
1790127903,9BB6NFEcjBCtnNLFko2FqVQBq8HHM13kCyYcdQbgpump,trend_6h,11,Bzc9NZfMqkXR6fz1DBph7BDf9BroyEf6pnzESP7v5iiw
1790127903,CbyTNf7UPzvewHh4Zp6umogM2RWahhmGRJWLJnPwpump,trend_6h,12,41rzTMB7JHPTyMXzrYwdqnBecJRhkb8KHYAjrQ9cYxJx
1790127903,9cRCn9rGT8V2imeM2BaKs13yhMEais3ruM3rPvTGpump,trend_6h,13,6e7V9eegCHw997T72MxgwwJipZ6GJyZF8NvjkzT1rvpN
1790127903,A7bdiYdS5GjqGFtxf17ppRHtDKPkkRqbKtR27dxvQXaS,trend_6h,14,GTHKH8s82ZR8GTSFZ1dUu6wfdxhy59wpMShxzG5zjiPm
1790127903,6GmAFSYs4gk3FDao5FzzySQpPZaWsa4rUJHacpMpUNgx,trend_6h,15,7a8xxAJBELDo6P9dikSYctdw6ce8F4mWr3ahcAD8Ao49
1790127903,4k3Dyjzvzp8eMZWUXbBCjEvwSkkk59S5iCNLY3QrkX6R,trend_6h,16,2AXXcN6oN9bBT5owwmTH53C7QHUXvhLeu718Kqt8rvY2
1790127903,98kfF7rmsg1QDUEoCqNE7g7M1FdrTt92TEp2CLzypump,trend_6h,17,6e3jZLtf4tQbWZm3f7A66jF8tfZn6MRQVrbDFgcNWarA
1790127903,EKpQGSJtjMFqKZ9KQanSqYXRcF8fBopzLHYxdM65zcjm,trend_6h,18,EP2ib6dYdEeqD8MfE2ezHCxX3kP3K2eLKkirfPm5eyMx
1790127903,AKyGUS7ueqtm4oUVBRxCNoyK7BV39HcfrXk4d6Gxpump,trend_6h,19,rH1SEQi833Z9WzWrMNbStwacLN7CVFZFvVJkeuG3g3S
1790127903,4MMQY9bwkxxTtsK3W227Q5ABT6yFY8Pmn9Ze7wmAXKY8,trend_6h,20,4iVHkn5WhmGwrKb2fYFNPnTkqhwYTEEezvsju9YEBY76
1790127916,GTBxUiw6wJdmmkCGZgRHLyYxqu1vG4KtRpeox6yDpump,trend_24h,1,4R8CiMnJWDNoes3fQi1ccPFJygPXazaHaWpHrN3rZeNj
1790127916,6GmAFSYs4gk3FDao5FzzySQpPZaWsa4rUJHacpMpUNgx,trend_24h,2,zxTpi4BtaWX3mgdAPoezkMD1hxx8CdeCfrqXMWvSCLX
1790127916,Ai66LHZG9MCzg1WKdawwqduVAXpNDUuV8M3uyq5ppump,trend_24h,3,HMzvsEEmtzHhvZNw9uwbaG85HCTmFnkbhzUx16cy7ca3
1790127916,MboMMGXjGDi45hfjCVzYru32kEM5nw7VzCqCofZpump,trend_24h,4,4kJEwCpiGtvFRxm1RKYExsFCm1CsB8RwnUQv3LCQs5YG
1790127916,6GmAFSYs4gk3FDao5FzzySQpPZaWsa4rUJHacpMpUNgx,trend_24h,5,7a8xxAJBELDo6P9dikSYctdw6ce8F4mWr3ahcAD8Ao49
1790127916,CbyTNf7UPzvewHh4Zp6umogM2RWahhmGRJWLJnPwpump,trend_24h,6,41rzTMB7JHPTyMXzrYwdqnBecJRhkb8KHYAjrQ9cYxJx
1790127916,Dz9mQ9NzkBcCsuGPFJ3r1bS4wgqKMHBPiVuniW8Mbonk,trend_24h,7,Q2sPHPdUWFMg7M7wwrQKLrn619cAucfRsmhVJffodSp
1790127916,HcRLc9VDgjLeK154xDawfb1dmVJ98DoSqcwTHGqiDeJR,trend_24h,8,GuPbekwP9MqB23CghhiMQZTaigPdUJooovo1neCErhM8
1790127916,MukLDtJ8Cx9DxLbeyLRSWPSposTMWuwHANbuaudpump,trend_24h,9,DA4pM4xSDY4M9V4CgAKKBVH1pw1yscTQQa5nEkGHuKpt
1790127916,A13oRB9FFaiUjfi6LdCg6p9ka1u8SfGkUFs4SKvPpump,trend_24h,10,Nx9dcwNs3iJxM5YAxshMHE4aYJHdDyyGMhVcmaSgfu8
1790127916,5dvXTZ5qwgafnHtwu3Ls3QrWx1U4LQsFeCuJgkk4QEC6,trend_24h,11,GbrDAq3RjcVWeroLDUwmnuQ8N5xaaKj2Rk2dJDg64CLY
1790127916,98kfF7rmsg1QDUEoCqNE7g7M1FdrTt92TEp2CLzypump,trend_24h,12,6e3jZLtf4tQbWZm3f7A66jF8tfZn6MRQVrbDFgcNWarA
1790127916,pumpCmXqMfrsAkQ5r49WcJnRayYRqmXz6ae8H7H9Dfn,trend_24h,13,2uF4Xh61rDwxnG9woyxsVQP7zuA6kLFpb3NvnRQeoiSd
1790127916,5UUH9RTDiSpq6HKS6bp4NdU9PNJpXRXuiw6ShBTBhgH2,trend_24h,14,4w2cysotX6czaUGmmWg13hDpY4QEMG2CzeKYEQyK9Ama
1790127916,9BB6NFEcjBCtnNLFko2FqVQBq8HHM13kCyYcdQbgpump,trend_24h,15,Bzc9NZfMqkXR6fz1DBph7BDf9BroyEf6pnzESP7v5iiw
1790127916,DezXAZ8z7PnrnRJjz3wXBoRgixCa6xjnB7YaB1pPB263,trend_24h,16,5zpyutJu9ee6jFymDGoK7F6S5Kczqtc9FomP3ueKuyA9
1790127916,CWZ6BsdnjkDVTGkmL6bGbJXXig6ceef12KvyGQW14cMt,trend_24h,17,54Vp27uLaw4wNLo5n7r4fcC6zLamoQc28xBARjss4EUJ
1790127916,4MMQY9bwkxxTtsK3W227Q5ABT6yFY8Pmn9Ze7wmAXKY8,trend_24h,18,4iVHkn5WhmGwrKb2fYFNPnTkqhwYTEEezvsju9YEBY76
1790127916,8k4sBtEeK4pf26noKqApv8NBTnuSJcbdwpKYknk5PbAA,trend_24h,19,2i2iULr7UwK1SDRB17T5FUtiMnFQL7fyy7rh69brZihc
1790127916,9cRCn9rGT8V2imeM2BaKs13yhMEais3ruM3rPvTGpump,trend_24h,20,FnzKY6x7entQ1eR3D225dQyT7ybfka4PskBMQhb8L3CC
1790127924,5NXdVMQcyJkQM8EcxVVmdm22b5JKuh3tBugFUAfgJuVK,siparis_tokenProfile,1790127569900,approved
1790128593,E9nmbyzLqnBQbAJL7dMta9aR3HYy5W1ewPRf221zpump,meta,brainrot,
1790128593,FbYYdLRX2sL5xzLGjdhfaWNhtpxqXBSoqvUY8o8W8eNF,meta,brainrot,
1790128593,5WUUk6HVQrx8XZ4ksbXAMZHhny2DEyocJPE55M9Npump,meta,brainrot,
1790128593,8d56tCrMcyLFvpw5aeGNz5xRAAdVBiCtDw6QiVYrs9s1,meta,brainrot,
1790128593,3C6sZzwq2ietUdjRaNgTwoKw6dBMkKCe5u1rricjEFAU,meta,brainrot,
1790128593,TVvnJTedD3WgAPede2xUmRjweJqNdhCEgyjtKv3rCq4,meta,brainrot,
1790128593,DsqWokHaPHi6p9TtkEFryf6qBQFxYkUiGss2sFnBpump,meta,brainrot,
1790128593,DTSnWMjHedLzcc2oVMpRzk1uankCF16v68PUmC65pump,meta,brainrot,
1790128593,58rUgmCEJYj1rax9QFjXuHwj3gkwJN1LhdKedyUwoZa6,meta,brainrot,
1790128593,FiHpuVdsEqsMC571m9e7C9Ct1mgUCr6x9wB3pq1Fpn56,meta,knockoff-legends,
