token,kaynak,ilk,son_snap,olu_say,yok_say,durum
HunmXDXMNQYVoDnUL6PNnSYEtFaTZA2WzGh1HJTW7aoV,boost+profil,1789106474,1789107885,0,0,aktif
4JGAe6q4DjJLFrerLufsZ22njUzJXopeWTGEbR5Gpump,profil,1789106474,1789107885,0,0,aktif
2bRoY87nsBq84TTKJKFD5gYxVLPhrTPKK9MaheSLCCLg,profil,1789106474,1789107885,0,0,aktif
AopoH5CpGf6xss3V8fqwvF5sJocsBdJvPmZYygrcxP72,profil,1789106474,1789107885,0,0,aktif
8tJH2pWSPX9epYQLX634TwzNhRws4Zfx6ggxeCG3gHye,profil,1789106474,1789107885,0,0,aktif
EPHtWbVJ5qDd1KRu7LYaFVT3wUsX631gga6grtfnpump,profil,1789106474,1789107885,0,0,aktif
FvCmqaEVQQUA1cxsvCv7qFcMT9zAjrcyuyzE24X5STNK,profil,1789106474,1789107885,0,0,aktif
3j9ftknFs38qmjD3TF8J3nhR66MraZcuyZxXHZ6Zpump,boost+profil,1789106474,1789107885,0,0,aktif
9wajV6qL342kpEaV3J2WXWexeajFFvJVcBXXSLebpump,boost,1789106474,1789107885,0,0,aktif
3XQZDtpn5QisVxcvB4sAReoknWnooU7yM4YCQtj45nqp,boost,1789106474,1789107885,0,0,aktif
HEhns9R3D8W4Ls12fjECUEnfPntABqvhTQqc7YYxpump,boost+topboost,1789106474,1789107885,0,0,aktif
EivTBSceiNKo7e1cUzBPsMW9ni2e2WQ65XsC3cqzpump,boost,1789106474,1789107885,0,0,aktif
JD23tFDPhxyKX53w5dE1SaMFgYAFywGjiCsVn8CbPou6,boost,1789106474,1789107885,0,0,aktif
kmqTuLNPS4ZakQ6SoBxD3Cb5CpeaXssmfY1Z9gRSTNK,boost,1789106474,1789107885,0,0,aktif
EpEfnZxQyiBXppSKi8sncc8w4corn1UJbF9G91fQpump,boost+topboost,1789106474,1789107885,0,0,aktif
GYHPVwni3ucwizy9BM4TzTMw3PtSgxm5RRYvL8Ecpump,topboost,1789106474,1789107885,0,0,aktif
2YhZUBBVxoDAEtXMhkRjHvAHvkDibyxN3ABHQ9Sspump,topboost,1789106474,1789107885,0,0,aktif
3wRMLKQN1NXfEJWUnCq5BqdDNQhj6kADWJBfRAufpump,topboost,1789106474,1789107885,0,0,aktif
7MCgYMzq3fov6oERdtTMAYbN2U9LZrrSYS1MBhjixZFr,topboost,1789106474,1789107885,0,0,aktif
9gMyvDXBRUb4BaWSmoG7msm5eX8cCBggoBnU72Fupump,topboost,1789106474,1789107885,0,0,aktif
9XCP3Es48MccofbwBM9ig18WnG8CMcivqzKH1VSJpump,topboost,1789106474,1789107885,0,0,aktif
GXMC2PM1FA8BZT4uBKoquDdSVBVNdRBQsKAPrzSupump,topboost,1789106474,1789107885,0,0,aktif
5Srsp89BUAuGTf1sFMntp6aW9GnUocrXfHJRYnFxpump,topboost,1789106474,1789107885,0,0,aktif
7paKY5zJ98AgtGsMvRxw68uo9WefQ4eryB5SNfH2pump,topboost,1789106474,1789107885,0,0,aktif
Hg5Ja55T5wESq4vyFoiVCMeHXtGyVA69X2UHq8hgpump,cto,1789106474,1789107885,0,0,aktif
A8AdxR4WqCMvE9ZdzSGKtczGpUhYJ7EjcQXNF2YY5smj,cto,1789106474,1789107885,0,0,aktif
81yZUXCLzmSULad8F8xCXTQXaka1y7L23PeMBmcJ5CKG,gecko,1789106474,1789107885,0,0,aktif
DAJqod4TunvykoAMYtpjLyNQ1NhiX7ob8rqZiqtNJYBv,gecko,1789106474,1789107885,0,0,aktif
2tYPMnumTQ3sZuZSYV2mTtArFbymC8toYKayA58tiHwq,gecko,1789106474,1789107885,1,0,aktif
7ZtE2QFw7th8ktXM5HCYbqxDTpttDEWvdjHbFEP7pump,gecko,1789106474,1789107885,0,0,aktif
7pmwGBu5nu5JX66TVcFfnTFr7XvUpZzdDfNkh9k3pump,gecko+profil,1789107885,1789107885,0,0,aktif
9fnxwniorw1n6aoCJWjPVMXND981qdJanb2Tw5mWpump,profil,1789107885,1789107885,0,0,aktif
941qKj1W9fwALehFmbGAmoLekdLcGPcZ1kXZfBtpump,gecko,1789107885,1789107885,0,0,aktif
Gpdivkxr1WUZPrVQYVyhdGjXtgghFrwm99HffEEKxCfr,gecko,1789107885,1789107885,0,0,aktif
AgxLKAAS7qMQJGTBTxythsTm6gRUgprvTENwtcWeA68p,gecko,1789107885,1789107885,0,0,aktif
BXhbVrYu1J71EvawJVFL4EotgfSgxW1ZdaNnGcs9587j,gecko,1789107885,1789107885,0,0,aktif
