ts,token,sembol,pair,dex,pair_olusma,fiyat,liq,fdv,mcap,vol_m5,vol_h1,vol_h6,vol_h24,al_m5,sat_m5,al_h1,sat_h1,al_h6,sat_h6,al_h24,sat_h24,deg_m5,deg_h1,deg_h6,deg_h24,boost,n_web,n_sosyal,n_pair,etiket,gt_ts,alici_m5,satici_m5,alici_h1,satici_h1,alici_h6,satici_h6,alici_h24,satici_h24,kilitli_liq
1790387172,7wW1a1DYJq22tbYstw1VPMxk6ScgwRXdeXnphFtusuGa,OTHER,2XdQLnZ7ogfjzqA3zSpdkiBdjniCE5iD3cAt4FjoxCyr,raydium,1789111898,0.000003000,4946.72,3001,3001,0,0,0,234.12,0,0,0,0,0,0,1,2,,,,-2.47,0,0,1,1,CPMM,,,,,,,,,,
1790387172,8iYPW781jBDu8zkC6PFY8WpvtbHxSVMgBX8aPnNmRY3z,EMBERCAT,EiZvARbXzfx9XbMTJygS8LU8rBjwhV2Bw9ZG82cXcEku,meteora,1789024501,0.00006836,32701.46,68354,68354,109.44,4274.2,34578.4,150709.35,3,0,31,13,247,161,942,619,0.63,-5.59,-3.18,-67.14,0,0,0,1,DYN2,,,,,,,,,,
1790387172,83CHCpuAz2AcNzYgPzbHpRUphSSgu1EfpceCzYokpump,worm,2pRvPj93pyFGNFERNgcmxtnFkZ6tb9VEJfjc4ApkaVxv,pumpswap,1789175227,0.000003174,3106.55,3065,3065,0,3.19,3.19,10.32,0,0,0,1,0,1,1,2,,0.39,0.39,1.97,0,1,1,1,,,,,,,,,,,
1790387170,2fWzx35rQMAATQGhJzVTvzeXHcenCQLqCog9Jkg5pump,LAMA,CXKwgui737V9EDZKLtU5AeHQnWX4kNTnn3gGQT9Tf6wK,pumpswap,1789181945,0.00001051,9168.27,10219,10219,0,206.96,978.51,7780.03,0,0,1,3,6,11,69,84,,-3.46,-12.73,-37.95,0,1,1,1,,,,,,,,,,,
1790387171,3937Rsye62a53Y5o3UVG6gDPk8whAnKq1sxCV3Xu8YLP,DRUGS,G7k3VPqq9e1wPQ89x2fJnmAtTsndQi24VjKtoLhpm8WQ,raydium,1789265921,0.0002943,53712.29,294382,294382,0,0,90.17,17442.23,0,0,0,0,1,1,48,38,,,-0.75,-11.6,0,1,2,1,CPMM,,,,,,,,,,
1790387173,Cf35k1qwZ9dMpxujKwoRizfpZEBb45azg3oa2aSmtcbY,ZELDA,4vEtdqjxaEt6hJ2gMKX1zibmxwpsgmMCvNSrXdup8xzE,raydium,1789330762,0.00002377,16068.39,23770,23770,0,0,806.06,4624.69,0,0,0,0,3,7,38,51,,,-7.64,73.08,0,0,2,1,CPMM,,,,,,,,,,
1790387170,2QmmEqXymWNZNBRwEaoD4dn7vvRRjo9LFPwjzKiQpump,JohnWick,JBjg7wGKd3fnrRQJ3tHkEPY8GyVkv1BpW2wgoiRLgYQ7,pumpswap,1789350774,0.000003747,3733.85,3638,3638,0,1.87,1.87,120.99,0,0,0,1,0,1,1,5,,0.59,0.59,4.14,0,0,1,1,,,,,,,,,,,
1790387173,BaxP2dCmFRJfFTnY5jVcGdL9uRPJDrgD8yUikGHH7RYS,BULLGATES,DeT64arBQVdZRae2ayGN3wYLGwAM4xqVZpsJPsHAUdeS,raydium,1789437896,0.00001404,10861.44,14045,14045,3.36,32.45,189.09,3759.18,0,1,6,1,9,2,47,38,-0.29,0.68,-2.14,-9.62,0,0,1,1,CPMM,,,,,,,,,,
1790387171,3rGSot1DANawxJYQPhYuNPxrLwX3wjLqnqfRWQSPF7FE,BARRON,9h4djh4SP9B6qjiWWUK8RLqxtVFoRoqoqbJyEkoZ81fE,pumpswap,1789523069,0.000005221,4839.29,4883,4883,5.75,450.73,685.58,741.42,0,1,6,6,8,8,12,12,-0.23,6.38,14.25,21.14,0,1,1,1,,,,,,,,,,,
1790387171,4R2vepDVY7Gdcm2VKuAy6EbBfWsYSEsDJou1QGKuMfnf,POT,DAbSqjHryfMDqN6Vj4YF28SSmZftHBYzueM8ykTyQPHZ,pumpswap,1789522856,0.00007247,33473.42,69400,69400,3.01,187.42,11310.35,33531.95,1,0,4,7,69,76,305,327,0.29,1.56,-7.56,-40.5,0,1,1,1,,,,,,,,,,,
1790387175,TW16nqvVUg9j29pY7pan4EjpJ9dHZKDHgJ88AvXdum1,x-0,A6FTU7ak4F3B7TqG4KdpiR9Q847xmAzSP3aHRsyXVr87,pumpswap,1789566437,0.000002906,3015.14,2805,2805,0,0,0.31,0.31,0,0,0,0,0,1,0,1,,,,,0,1,1,1,,,,,,,,,,,
1790387173,ChuxPtvuk8BGAtyBm6vd3ZNQaqWuTJXiNRguXvXqpump,WIFELON,6QKBZw36mCbPQE1JjbNZ9NWLaYKgapJeWLL1aQWCdxuo,pumpswap,1789565768,0.000003317,4146.03,3236,3236,0,0.9,0.9,5.62,0,0,1,0,1,0,2,3,,3.15,3.15,18.46,0,0,0,1,,,,,,,,,,,
1790387174,Eu1e7uuuYzhup2CbHc9CqCyfDmrLJ6wMviYQjUhnmZaB,QUALITY,83RqCjC29ppA3WmBPQntr8DyRVrwCPCLdGYW27SkYoQ4,pumpswap,1789609755,0.000003168,3307.72,2975,2975,0,0,0.42,0.42,0,0,0,0,0,1,0,1,,,,,0,1,1,1,,,,,,,,,,,
1790387174,GgePjaaXRYgU5foqPjbZANbVHGqJY7gTCoeYq7vjpump,ERROL,5XPbhhXrPQMjm6aYNp47RH1WHDRGLZkhaRWwZcHspAoM,pumpswap,1789611112,0.000009453,7901.65,9223,9223,0,1895.57,1901.36,2145.53,0,0,18,8,18,10,20,17,,94.49,93.35,101,0,1,1,1,,,,,,,,,,,
1790387171,6GewNzedSYD8d4U87ekZzLCPmNTV9o9D8GrV5T3wkgP4,MEMEFIGHTER,NKRSfruyT68Ny9B9zpWZqZ84qzCPAuDyatVkBvMr5oG,pumpswap,1789652443,0.000005172,4907.2,5024,5024,0,755.36,795.17,803.72,0,0,6,3,9,3,9,10,,44.08,51.47,54.1,0,1,1,1,,,,,,,,,,,
1790387171,6vn3Jpg4f2oY21ZmKYnYFfvZh1mTKuyhQBNTbfw8pump,catwif,GkhraC6gAhbRdWh1Pwy7DTgvPe9S3hrm3gKKmEstEra5,pumpswap,1789650800,0.000002596,2827.2,2554,2554,0,2.93,27.31,78.71,0,0,2,8,10,28,62,99,,-0.28,-1.49,0.12,0,1,1,1,,,,,,,,,,,
1790387170,2QsUQt6bGQ9zT6VQ1wewLZY87h8C9qVeE8f1fQJ8pump,NasWhale,EfHGjvCVPu6yCBhXZJ6pz6ynnNWHNT1ferwE16nTKsML,pumpswap,1789651739,0.000003256,4101.73,3123,3123,0,0,0,0.72,0,0,0,0,0,2,0,5,,,3.08,3.36,0,1,2,1,,,,,,,,,,,
1790387171,3c7mmVSyEH8jfZXgxvpLsETtko1Y16DyRJ5XYB4snhGt,SANTA,GSdTwSpxKyrBhsEYUMpCNfDGTEzrKX5L1tNhpHenbcNj,raydium,1789676363,0.001798,173517.02,1798547,1798547,2064.55,5372.98,22755.94,123422.87,2,1,11,17,108,56,438,358,0.56,-1.18,19.57,7,0,1,1,1,CPMM,,,,,,,,,,
1790387171,3Dej5wv7kiRzFrUkYaBpxKZDDZ91hMSU8JJsh7DTy8S4,ZKSTR,CtC4kcqZN5CztxHJAh9EwgW2MyfXXGNeP1rHfgemoviQ,meteora,1789696179,0.000008587,9345.62,8587,8587,0,0,1.15,468.3,0,0,0,0,0,1,1,9,,,-8.71,-12.94,0,1,1,1,DYN2,,,,,,,,,,
1790387172,8Ko3GWjAvVnVTD5sQL7g6SFdcPRTnYKdrnyUj7tDpump,Cover,Bb9jd73HKRGT9yzsFigL6WfXBwc4kSRuPqvrQUpbRHei,pumpswap,1789695426,0.000003366,3559.51,3252,3252,0,0,0.84,7.27,0,0,0,0,0,1,0,4,,,4.16,4.06,0,1,1,1,,,,,,,,,,,
1790387175,HwdXjVeKNndwCk5BBKWViddkrEaEWUTH3ntiA98Tpump,NOCTUNE,URFsU56STEdeF4Z4SNZZMK31pTWUvzmGfK7EfZ6RtYD,pumpswap,1789736652,0.000002856,3385.75,2757,2757,0,0,0,4.92,0,0,0,0,0,2,0,5,,,-1.04,3.31,0,0,0,1,,,,,,,,,,,
1790387171,5YR4QciAMw5NqV95Ahjpvc5F6cvqsTCZAddu4hZpBbVx,Cali,HsLEjmRbJwn6cxhDkiXL9FGhFDKYq27351RRNLMBxFEi,pumpswap,1789737680,0.000004468,4361.14,4372,4372,0,60.13,298.93,298.93,0,0,1,0,4,0,4,0,,4.08,15.45,15.45,0,1,1,1,,,,,,,,,,,
1790387171,41tE1JqzfNvsqP9P8XyMUzRa5H8bHJg5mGhQcgtCP8BD,Wolf,GoUntqFS6kciYkD79tUV51APzg5QxCengQeuVAFiFX7C,raydium,1789658065,0.000003509,5106.02,3509,3509,0,0,3.16,167.14,0,0,0,0,0,3,1,11,,,-0.68,-14.65,0,0,0,1,CPMM,,,,,,,,,,
1790387172,9NR6u9J7KvfyZdi2n9VnEjv5JgV3BRE4WLvXWQiRJ4dk,MONEKO,38jN4Ss4S6GPArRBPy8YG3i91xXqV8Zfso2taBiYbpQg,raydium,1789753719,0.000004726,6307.7,4727,4727,0,0,92.25,1022.73,0,0,0,0,2,1,32,23,,,-5.35,-18.35,0,1,1,1,CPMM,,,,,,,,,,
1790387171,39hwobt97VfVF5WAwzkEbEkE9w8bZMtBTx4NWjFMhctd,MSGA,AsrheTT6GBSvfyEV98iKh5WQaUSb2CistBAvurtzJ8xf,pumpswap,1789844823,0.000003143,3033.15,2809,2809,0,0,0,2.05,0,0,0,0,0,0,0,1,,,,,0,0,2,1,,,,,,,,,,,
1790387172,7vD6CsCqfx9Av9hPW5W1PBMEkZbY4FnUQcuDTbxjhYrX,PURPLECOW,8aKt2iG6vGHtfoFpan4Cfnts5xY3hQoY2N2NFvMjyAjB,raydium,1789759966,0.00001306,10085.61,13060,13060,0,4.85,11.3,492.62,0,0,1,0,2,0,7,3,,0.19,0.49,8.63,0,1,2,1,CPMM,,,,,,,,,,
1790387174,FYZcYCHSp8FzNba1UtDZydKKGosmxVNpFBiVuia38AhT,MONARK,GhCGq9qTCBWZvpBY4fzfvxvENWe1syryLuGACgj3Lhvg,pumpswap,1789324540,0.0001579,35955.77,150534,150534,0,100.22,8545.42,37629.75,0,0,4,3,84,63,392,444,,1.65,-4.22,4.3,10,1,1,1,,,,,,,,,,,
1790387171,4ijnHeHgNnXmg45rhUV6aETFSbTwvjJG2Zmd1MePMevW,BCC,8V8aMzMdmTSJevjeHf2EBpo8orPbhMcidLGddi8hSXAW,raydium,1789783017,0.000009680,9212.28,9681,9681,0,0,567.15,659.02,0,0,0,0,2,14,4,19,,,-19.19,-20.44,0,1,1,1,CPMM,,,,,,,,,,
1790387171,53rZTtfGghxqdd6qTeDdfS8MBqg2CTyQeLW1LHCRpump,Pigeon,EyTL6ovdNrrnfyuvfsEkFDAmGk8nbt2dkxG6AdubaXC4,pumpswap,1789783333,0.00002715,16063.98,25920,25920,888.91,1500.7,9419,24645.28,4,2,10,4,77,66,235,255,-13.47,-2.5,7.93,-14.87,0,1,1,1,,,,,,,,,,,
1790387171,4cNw6oWoBpDHC7pkwrZoTgMePtzQ3suCjNbw2zAppump,Botstrap,AmdKtDsm4Q6PPV8ppP1ky37CSRFHKjxQMLsGjUQPd36X,pumpswap,1789782841,0.000003193,3189.01,3068,3068,0,0,0,0.83,0,0,0,0,0,0,0,3,,,,3.38,0,1,1,1,,,,,,,,,,,
1790387172,7PHD6WwEPa4JigfTSQDeoBjW5HEkJ2ZdGTfuXFfrFA52,DEGODS,5dWjH3327LqLHwJNHrsne8NbNLyzf3cF3HX6W1mkTpNv,pumpswap,1789788963,0.000002833,2858.9,2732,2732,0,0,237.42,299.77,0,0,0,0,1,1,1,2,,,5.69,5.69,0,1,1,1,,,,,,,,,,,
1790387174,FwJNkgud84vQNq3zPycwhD6RAqSTP43f9HiVyKwJpump,SPLIT,8yq53H8ctWsC8vP1hfR2RmwLHnWt3d8vSQ3QtqwoHmBC,pumpswap,1789787703,0.000003456,3386.4,3223,3223,0,1.15,1.15,5.22,0,0,0,1,0,1,0,3,,1.34,1.34,3.9,0,1,1,1,,,,,,,,,,,
1790387175,TVvnJTedD3WgAPede2xUmRjweJqNdhCEgyjtKv3rCq4,SHEEPLE,AkM2Ua4ZJwkcjQ3dKiV2wMeiK1b1a9TaUXoWjf3c94Wr,raydium,1789729309,0.00006058,21651.99,60583,60583,0,212.62,884.3,19404.39,0,0,3,1,15,27,329,123,,0.3,-5.65,22.28,0,1,5,1,CPMM,,,,,,,,,,
1790387175,fvHLJUwsynVHJrssbZ8MLNyku9jt2izUspbBD4Spump,FLEX,8qwgwpdfbBMNhdG76bDmtvLeSqtG9cEwuGGy6wGKhTB9,pumpswap,1789784302,0.0007238,98022.39,694191,694191,536.06,9057.62,81261,342527.71,1,6,70,89,731,1060,2729,3632,1.9,-10.74,-9.71,-25.94,0,1,1,1,,,,,,,,,,,
1790387175,biddm3N7RjyjfcnzmjgrQJ24QKooBGUy1RYP1aEgtzW,BIDDY,5jg5hzfX8SHJ65EnbM1BHkjirv4nfRk5aQkKhUWhfvU5,pumpswap,1789777823,0.000007160,7108.51,7061,7061,0,0,262.41,315.15,0,0,0,0,7,6,12,23,,,-1.32,25.98,0,1,1,1,,,,,,,,,,,
1790387173,CioXPeh5YTprP3gPob4qgdg3H6LfYT8DvEESS3QYpump,glitter,JtLtESfcH3iMQKcF1cR3fnE7DNxUphtwCNKfgzbU5Er,pumpswap,1789802204,0.000002310,2409.52,2256,2256,0,0,0,0,0,0,0,0,0,1,0,4,,,4.6,3.93,0,0,0,1,,,,,,,,,,,
1790387175,H24uTio4iVmRvLik1tTikFkq6JHj2tAFhEcz5i1jpump,SocialFi,EqXkCLFAZDzuGhrYafuPM5tziQeyBSkXeqFBEFGJbDio,pumpswap,1789810383,0.000002722,2729.47,2619,2619,0,0.79,0.79,0.86,0,0,0,1,0,1,0,3,,4.15,4.15,34.51,0,1,0,1,,,,,,,,,,,
1790387170,2o7GSmHtgYt7Tbub6ceyDp5FbrbaT32ED5VyaYkTD5qb,URANUS,G8H8naxpVrhaUvRbJH9QSeW93rv6b649drAKtais7uF9,pumpswap,1789795371,0.000005083,5400.88,4927,4927,0,6,12.24,340.75,0,0,0,1,1,2,14,13,,-0.01,-0.2,3.65,0,0,1,1,,,,,,,,,,,
1790387174,F25HbBTHEtKuQMAVzrtKgz36UihMu5hA4MFu2CgXuwzK,ACHI,24VDbP9qWQHy7mtHxSHXXqzPsjxiVyEtQAiK3WEosQ11,raydium,1789810688,0.000006140,7576.94,6141,6141,0,0,106.51,575.2,0,0,0,0,4,3,11,8,,,-6.5,19.51,0,1,2,1,CPMM,,,,,,,,,,
1790387174,EYoepkwPGRRJ7fg3LbL51NZCQXMeyi6pH9Cc5Wtbpump,Hosico,DRhz8ozRLLSGKasEkQQVmg86kBSNFexz1oGt1R4aoVoc,pumpswap,1789824434,0.000002644,3034.95,2621,2621,0,0.52,14.62,53.55,0,0,0,2,2,13,20,41,,-0.35,-2.46,0.91,0,1,1,1,,,,,,,,,,,
1790387173,AX13DzQ9zQxx1fvhb4hXtj7YsJvvABNtkwdsv5xGpump,Axis,6UwRn6AiUFMgNmJ8iCpNU7qzgj8CShqMa32wj8jEkfRM,pumpswap,1789827136,0.000002658,2634.48,2429,2429,0,0.98,1.01,1.01,0,0,0,1,0,2,0,2,,-0.24,-0.24,-0.24,0,0,1,1,,,,,,,,,,,
1790387174,FgRjrh8ZRCwQSdv2fBQRNvuiYZ1B5G8S37Xw6Jtapump,JP,BdSytpDu2pqeiVMzPNTk1fuDjfyjMiUaQ7FwS7iPqZJT,pumpswap,1789829649,0.000003046,3106.25,2941,2941,0,2.61,2.77,5.93,0,0,0,1,0,2,1,2,,-0.46,-1.47,-1.47,0,0,2,1,,,,,,,,,,,
1790387171,7GuTYEM2bF7fWF7zKfJ8UWMrs7i6xeoDMFJYnGXDH9ke,HABIBINU,5atfaxXcXZoKeuYBhtivg7Z6xDWBvNHTfYeNDNix11ca,raydium,1789740797,0.00001098,9538.38,10989,10989,0,0,197.95,1137.7,0,0,0,0,2,5,23,19,,,-0.71,-15.6,0,0,0,1,CPMM,,,,,,,,,,
1790387171,58bv7kqcc7ybfCLfaKXLz8B1PH569De9gYcn97Cdpump,WOBBLE,JCt5622uTeeQUQvv2GtoA4BaJK6rdYkTBBkkW36Z1zaX,pumpswap,1789847469,0.000003189,3562.7,2865,2865,0,0,0,0.43,0,0,0,0,0,0,0,1,,,,,0,1,1,1,,,,,,,,,,,
1790387174,EPeReW6ScEqdeC7eVDceLuJDLrW7m1ggnaenSeQoP9b2,UMADBRO,Cd8pTuwmwbf3rBRJ2VeXJJXX92kXKzraY6Nx6B7sut2Q,raydium,1789844091,0.00003515,18659.54,35152,35152,0,424.48,2462.92,8082.79,0,0,2,2,14,17,89,57,,4.83,-6.88,46.55,0,0,0,1,CPMM,,,,,,,,,,
1790387174,GTBxUiw6wJdmmkCGZgRHLyYxqu1vG4KtRpeox6yDpump,JEANPHIL,4R8CiMnJWDNoes3fQi1ccPFJygPXazaHaWpHrN3rZeNj,pumpswap,1789844819,0.006583,364523.25,6382371,6382371,5008.95,118873.52,824295.25,3317960.56,15,37,389,431,2778,2571,11098,10790,1.57,6.73,-21.29,-2.06,0,0,3,1,,,,,,,,,,,
1790387170,2PnTmQ3CmZCJRFBErsqWPzpztPE3ATjJnyverBJsBPjf,CHURRO,5w3MWzUPuGLs1RX73QnTsoPPDVrK6LVbqF3n8KSJZ6aQ,raydium,1789868689,0.000001914,3251.51,1915,1915,0,0,0,6.3,0,0,0,0,0,0,0,3,,,,32.95,0,1,2,1,CPMM,,,,,,,,,,
1790387172,9RPHFUTADgLmowMGVp7SFMNrmXzHzZqrTohxWCiLpump,PRISMCHAD,9VF5JGuPeR597ftfZF5pvRgXvo5f5CgifcUqPxhxSdEx,pumpswap,1789870582,0.000002395,2516.92,2317,2317,0,0,0,0,0,0,0,0,0,1,0,5,,,-0.3,4.2,0,0,0,1,,,,,,,,,,,
1790387173,CVoNMSYK9mVd3TzAutnrRTKmptQUQ7r9qBg1ejb7vVd2,WIBBO,D6q3JkB1iKJEmG2fk7UFodXePKbBuMqtkV5pWFq3NoWz,pumpswap,1789869213,0.000004317,4503.23,4101,4101,0,3.05,23.72,59.15,0,0,0,1,0,4,4,10,,,-1.66,1.67,0,1,1,1,,,,,,,,,,,
1790387175,wXbiXbyVLX5tpcPvWvowYFHjDi4ikkGiG5RsLcXGgPf,UNCINU,EkYTFw676md46Dya2qJMQKdwZPi6KcuNWD2WHPjQ6kDu,raydium,1789789499,0.000006581,8252.54,6582,6582,0,0,0,678.44,0,0,0,0,0,0,10,16,,,,15.65,0,0,1,1,CPMM,,,,,,,,,,
1790387172,9CQXMafrzB77Q8kphj4Mb7VxaaBXi2e7uYFYcHDoWAaA,XTZ,FLrv35hhFZEzgZsHnZYVDozSoWdLjaeY5ciB4ktsqrBw,raydium,1789875825,0.3431,71753424.87,72059485,72059485,0,0.31,27000.49,165423.06,0,0,1,1,7,7,37,37,,,,-0.01,0,0,0,1,CLMM,,,,,,,,,,
1790387173,DCixmHczeozajxxk4CitwnQftrTK6ryPNJ9ATD5cFoCQ,BITSHARK,6sEoBEePNsa4S4k2EuGKsXae8iPTWwks3tsXz3eXE8mq,raydium,1789912091,0.000003909,5918.36,3910,3910,0,6.74,26.33,92.15,0,0,4,2,20,10,35,22,,-1.81,0.31,-2.89,0,1,1,1,CPMM,,,,,,,,,,
1790387175,HzJW4R8yB3WpWGSjwZarhkFgQSoD3seVikTgG2bdrkh,FeelsBad,15mGjhf4yivcCpCKfwcJRDMRMGuwEZ7UHQaMVYcc2fc,raydium,1789888201,0.000006749,7581.52,6750,6750,0,0,0,253.59,0,0,0,0,0,0,1,2,,,,8.4,0,0,2,1,CPMM,,,,,,,,,,
1790387173,CVG9CZzGzGsdxaKcNdXQWpJsBYq2FpZgq4NbAQN7pump,TIKCAT,Ev8gpNM4vK4jYoR8T37p9d5x1xi4DMXwTcitBWMfspZG,pumpswap,1789912214,0.000002577,2682.54,2535,2535,0,7.89,36.14,92.61,0,0,6,6,36,48,106,126,,-0.11,-1.52,1.72,0,1,2,1,,,,,,,,,,,
1790387174,EnGnwy5koQkE8i2HLAfmNqyCmjdPhyG12yyPutTQpump,W,Aqww2uSh3oenGSuBQ3dYjiJGjGALPDco8tffnVzVMrYP,pumpswap,1789911810,0.000003107,3292.46,2989,2989,0,2.55,13.01,26.6,0,0,0,1,7,12,21,28,,-1.78,-0.77,1.25,0,1,1,1,,,,,,,,,,,
1790387174,F8rFVpXYtsEchbAfKChpTKAjBbtVyCnpX2yy5i7Bpump,TUTU,6Z3cpe5eUHocMF7YsbnaybC8UH7kpk5HtPLKoZiZpyE5,pumpswap,1789918672,0.000002809,2902.69,2708,2708,4.05,4.05,4.05,4.64,1,1,1,1,1,1,1,2,-0.06,-0.06,-0.06,-0.06,0,0,1,1,,,,,,,,,,,
1790387171,4QCKwhetNJ2Sd5xKhtmUYw5aC2rT9gKW2W72ix2Wpump,JEANSEM,6vEJEappW1ZuFX2pVhQKEaDChrHfGtE6duAor6gHrsRx,pumpswap,1789915426,0.000002436,2576.07,2415,2415,0.22,7.74,46.5,90.74,0,1,5,8,20,37,62,90,-0.03,-1.25,-3.72,1.01,0,1,1,1,,,,,,,,,,,
1790387173,Axry7dMTys16Mc4XJCRXzibsXkKZPNfgoVDGTCtEtSzy,Shame,G7JQWJWKRsfiKqjiRjJwBaC8vsyUpKeHiy8P1z1DGdv1,raydium,1789915955,0.000004257,5932.52,4257,4257,0,0,0,29.54,0,0,0,0,0,1,0,10,,,-0.01,-0.82,0,1,1,1,CPMM,,,,,,,,,,
1790387170,2oguDsc3BG5N7WdjaJtkeamij9VycCuyCnB455ZaJbXP,SPURDO,E6E8oTz6tPx52eU8q7gxHjAuNZinzituSpGUxcLJdk7R,raydium,1789917086,0.000003846,6260.57,3847,3847,0,0,0.09,5.13,0,0,0,0,0,1,1,6,,,4.35,6.07,0,0,2,1,CPMM,,,,,,,,,,
1790387172,8rq59Z7rjezyuJpEYBCCWG7iEdEuL6EevpUfMoqbcBQ5,STX,464iJip1fGczMYgCjVGZ7D5dYEbUApgdzkzN6bt5jwWt,raydium,1789933494,0.000003649,2640.85,3650,3650,0,3.14,12.48,591.01,0,0,0,1,3,1,25,23,,1.14,3.06,-35.7,0,1,1,1,CPMM,,,,,,,,,,
1790387171,6ZuNFbwU4L9TEhLqybDdWuqBTb8Lh2znF2sou5urpump,FLUX,A3b6BDcDQ65R2U4naL4gJXp948rArcpUoUpqyNpw54Zg,pumpswap,1789935321,0.000002514,2561.87,2412,2412,0,0,0.15,10.11,0,0,0,0,0,1,0,5,,,-0.16,2.94,0,0,0,1,,,,,,,,,,,
1790387174,EzfgjvkSwthhgHaceR3LnKXUoRkP6NUhfghdaHAj1tUv,FTX Token,3zWAgdSKF5MgZTbq3XwHjWJg6QvFTWBxT7awxqYqcY4N,raydium,1789931721,0.2622,26316.7,62702,62702,0,350.92,43229.9,52732.68,0,0,6,4,359,334,578,543,,-0.35,3.2,3.1,0,0,0,1,CPMM,,,,,,,,,,
1790387175,zecYuRMvzRiLktRNQywZbkD3M64rF8Qth8x6pYVyQoV,Stablezats,B7DDyHBauUB8gXa9dWascwXiD6JU4ovaVXfn4GgLx8WF,pumpswap,1789957180,0.000005397,6133.92,5145,5145,0,0,0,28.63,0,0,0,0,0,0,0,3,,,,-3.81,0,1,1,1,,,,,,,,,,,
1790387175,HqCa6XCRrzauqsxLGX7tbnU2MTNEZBGSD1p6zUYukknK,DCAT,P3VZ7JyjAtwE32d74HUuEQRzGNEYVYfsMH5XHdsu6UF,raydium,1789956333,0.000007205,7998.08,7206,7206,0,0.08,328.3,461.15,0,0,0,1,5,6,9,16,,,-11.47,-12.47,0,1,0,1,CPMM,,,,,,,,,,
1790387174,ERgezJ3dtnivUSsi5c5b85ie53YyQBebqGNngibktiBT,DEGODS,Bj54miKtexz1NkcNxGQwh8kivN7ULqFsdbhMZXSTR6rW,pumpswap,1789956053,0.000005131,4736.84,4921,4921,168.62,464.67,752.62,1414.75,3,0,4,4,4,12,21,30,8.03,3.31,-11.99,-14.72,0,1,1,1,,,,,,,,,,,
1790387174,GdqXb5EQCwoqDKqY2PPMe9uWXUX7p7Hyiph2zbxKPcFr,Avalanche,7CipXLhPVDUVTMmdN3JoUgqLpD46LgpqWEuHZHo1YR9h,raydium,1789956064,0.000002341,4059.72,2341,2341,0,0,0,24.7,0,0,0,0,0,0,0,1,,,,,0,1,1,1,CPMM,,,,,,,,,,
1790387175,HUUNgfzw1DdyTU99Xp3bRTk5AQg5bmnyKbnHCWQCpump,ZPAD,CWhvJhR4XcgEXDqNFvusD6eiCA9yyuHYofFKpQaf4tRc,pumpswap,1789988331,0.000004977,5075.3,4808,4808,0,0,2.09,5.02,0,0,0,0,1,2,1,9,,,-0.36,0.74,0,1,1,1,,,,,,,,,,,
1790387175,HfHsU5Nmf2ei2YzzBAgNH1VhPwBreau8zPZauvgMmoon,UNITY,GMT9s3JTAw4PRKuQ7i1eHuxDj5KBsFWJEE6K5W8Fi7pt,meteoradbc,1789694976,0.000005668,,5668.33,5668.33,0,0,10.57,40.24,0,0,0,0,0,2,0,11,,,-0.25,-1.28,0,1,1,1,,,,,,,,,,,
1790387171,3fAxeRbjd75zp9TZ5xGYAnannU7h9qvcPbSzh95vvt4Y,REMARC,BLWcwm78E92c2gQV8ijua1ktRTxCUfspDvLp1xguSVjq,raydium,1789980004,0.000009681,9518.32,9681,9681,0,15.62,245.63,1964,0,0,0,2,0,4,18,18,,-0.56,-9.75,-0.49,0,0,1,1,CPMM,,,,,,,,,,
1790387173,CMVpE5U37XtXka3h7RqW4J567RuakJ4iYwubFZPRpNqv,iDollar,Dpd7wD6AQeDamZi6m34XKuUVTT2R919cfMwTxo8Ym9di,raydium,1789983923,0.000003762,5901.77,3762,3762,0,0,48.01,303.22,0,0,0,0,0,4,1,14,,,-3.15,-16.52,0,1,1,1,CPMM,,,,,,,,,,
1790387175,GrSAmzoJ7pNjrRyhDgaFjHNu4WJcBkLNMCzJa1RLpump,CASHED,wMN9UWyZpauc2efk3iBs1cu2eZNs3G7URot9WpNevWV,pumpswap,1790005103,0.000002659,2762.61,2597,2597,0,0,0.09,0.99,0,0,0,0,1,1,1,2,,,0.53,0.53,0,1,1,1,,,,,,,,,,,
1790387171,2xDxL9jW7SNg6YB313N8Tb7UYYboTqMBdKP96qo3Gf8a,MONCAT,FNoViPcd5Vn1GJQJw9RNL4JzSEUArzaFao8giUZA3Q7Y,raydium,1789996629,0.000007967,8080.42,7968,7968,0,0,151.55,930.22,0,0,0,0,1,3,12,24,,,4.37,25.27,0,1,0,1,CPMM,,,,,,,,,,
1790387171,6pNCsonJmgxUdRPGAgMoAgzPj2kXyLKiqC3P6aBgpump,LONG,7pGKWszCqEFRe8j7GGveaYTy9xgiZncKa2KymPnakcUg,pumpswap,1790019176,0.000002567,2600.41,2428,2428,0,0,0.69,31.01,0,0,0,0,0,1,1,4,,,-0.69,3.78,0,1,1,1,,,,,,,,,,,
1790387173,CXSAKxUKP43qcRZh4Kcv7qc6B2uqcosyviXyVzLePair,PAIRHUB,ExLSo36GxEkXzFuXY9LNQZtRSphvBQFLS8fALjqRMuSE,pumpswap,1790021499,0.000002715,2691.06,2496,2496,0,0,0,0.25,0,0,0,0,0,0,0,2,,,,4,0,1,1,1,,,,,,,,,,,
1790387171,6HU4CmRb15C2nQDx8Ld2f2W2wTdmog6aZiiXdrT5Pzi8,GROK,3NAxQ3UgevvpTLSTjT4e6PuzLrk8YoW6BsLhTYcU9XeG,raydium,1790016873,0.002462,184033.02,2462131,2462131,2245.22,61030.03,494803.09,1263700.06,5,6,152,109,1148,868,2633,2323,-0.52,-5.21,-30.85,-42.89,0,1,1,1,CPMM,,,,,,,,,,
1790387175,TqUWvYLQMTddRfkQQBjSzM1LTQQGHUnnmNNacGLSTNK,COPPERINU,CEj3iSTG1DhMjsbv6iBQ31KpjF42pvP6NQBHseQmvNBe,raydium,1790021096,0.00002051,14091.6,20510,20510,0,40.97,783.1,2875.91,0,0,0,2,9,12,50,48,,-1.05,0.62,-13.9,0,0,1,1,CPMM,,,,,,,,,,
1790387170,2jjbtFBnsZNqgNR3N3LVbDtVCLKHK23w3MZzr4a5PooH,PENNY,GvBAfYih9cAw1vaJMmaWJtuFVs6W7ayHr3nK5cF3GhBk,raydium,1790020492,0.000008762,8495.92,8763,8763,0,8.81,900.81,4880.63,0,0,0,1,3,13,45,51,,-0.31,-17.19,-46.9,0,0,1,1,CPMM,,,,,,,,,,
1790387175,H1L5hW33MEbfNu13991ZREJSZrPzor2KXPFQwtMZpump,RAGEBAIT,9FN3RTt7zfhd4yKhet4iixq24P3XFNx948fGkNfzjMnY,pumpswap,1790018501,0.00005563,22682.81,54215,54215,484.69,532.99,8706.54,15488.22,2,0,3,0,28,22,130,53,9.49,8.22,-34.87,22.65,0,1,1,1,,,,,,,,,,,
1790387175,Hkg5ffPaEthdtTqucQxMDaS3B8ZJ9rag4GnV9SWJe43g,TARD,GG1nhmhY2qDKLP1abjjfLQuRssTYaEJmRCRjuxMG76nC,raydium,1789781240,0.00004209,19755.64,42091,42091,0,0,1546.01,2180.14,0,0,0,0,2,10,13,18,,,21.62,31.19,0,1,2,1,CPMM,,,,,,,,,,
1790387172,7ffiD94V4VpDE4yCqnm2Tk23i3gZFf1szpkLomnW5iRc,STONKWORLD,8GMiysNs5orVJG7W75Ly6w9JExUkDwEmU7Wct4R6Aatw,raydium,1790019481,0.000004112,5883.33,4113,4113,0,0,0,1.09,0,0,0,0,0,0,0,3,,,,0.6,0,0,1,1,CPMM,,,,,,,,,,
1790387173,CzLTZppPdZtTjyq3WGpHLstoc3GLhu7zH5Zg6xUa6Gv5,COPX,51AhFzj1wHv8Em7dNpfarA1fKP9u4iBY5YNkFS1r2kRK,meteora,1790021425,86.42,42553.82,302474,302474,813.46,8899.92,35994.18,162177.96,6,2,27,50,162,330,1052,1352,-0.06,-0.25,-0.25,0.55,0,0,0,1,DLMM,,,,,,,,,,
1790387173,BjJyQFGTzu6JQfpdXEZ1mmFzhWgFYgEscRz472Zkpump,CASHTAG,5KiorPssHsHpgwJhz9CDbFiARgCitGTHmhnfHcMn6rY4,pumpswap,1790043174,0.000005446,5494.72,5309,5309,0,0,72.16,380.11,0,0,0,0,3,14,12,43,,,-3.48,-7.38,0,1,1,1,,,,,,,,,,,
1790387172,96LWLstUJqsCHFhBgRxtsuQJEcMYJ2gDkApo9qHU8p9c,ALTA,38UHTJd3bRsyXNFFTAVxYzvzN16v49GEWS7SXLkcNuPH,meteora,1790042151,0.000002144,3943.34,2112,2112,0,0,1.58,9.09,0,0,0,0,0,1,0,4,,,0.97,4.05,0,0,0,1,DYN2,,,,,,,,,,
1790387171,6QxMcEpYULAUs4Qa28ui2GJ55daY2KqFLRJXHEosNPAu,PICKAXE,FqpWecjYyc2VUqMoTswxn11Bu9Ni1UZBX3WWwZgw19fk,raydium,1790040430,0.00003105,19194.32,31058,31058,0,944.48,4209.77,18219.46,0,0,5,6,31,35,170,206,,-3.99,23.79,-38.39,0,1,1,1,CPMM,,,,,,,,,,
1790387175,H7buF7zFb23WLL5DMrdKRKcEkb4BpHZRGvv1n6NE67XT,RAFFLE,3Dmf6oXMP3Kf3xHtKgRGUYBzz2aSwHrnsxrRrt79amBT,raydium,1790047558,0.000005471,6990.79,5472,5472,0,0,207.37,1319.48,0,0,0,0,1,5,7,29,,,-6.54,-33.35,0,1,1,1,CPMM,,,,,,,,,,
1790387174,EtSVEVHfw75944qMeJs8JZKy3TpgU69pTXY78JvduBY1,USDC,6MiUBKiiJZ8EMTgwNtp56Fnh5UpCrKpUh17bPXN8hDBJ,raydium,1790047683,0.000006255,8103.28,6255,6255,0,24.52,244.06,1715.98,0,0,2,3,5,10,26,34,,-0.67,1.44,-16.39,0,1,1,1,CPMM,,,,,,,,,,
1790387175,HXQ66zSRqynwJQ6vYEYa85qGY9C2Ycz8rnYQHgApn391,GO,C2BB8PEdsZbEWm8QTmf9YBWHor5R5ecb5KkBJfb2b5so,raydium,1790067701,0.00005812,24171.9,57279,57279,0,88.87,4609.78,45389.47,0,0,0,7,20,54,447,366,,-1.25,26.27,-48.61,0,1,1,1,CPMM,,,,,,,,,,
1790387173,BaLU8Mu1mw1j98Siih6kcSH2j2SkNiLjKYUYgNFppump,jeantard,8uf1VT41sBgWcaEv7n21GyVm57yL5zgRiapFh69ToNN7,pumpswap,1790069572,0.000002573,2816.65,2496,2496,0,0,0,0.25,0,0,0,0,0,1,0,2,,,3.28,3.28,0,0,0,1,,,,,,,,,,,
1790387175,H9X1jw4QKk5vfv2S84UNWNe8VwP4xXKtLvWTnuoDpump,VOICE,FLo9uh2QeM2HS7BGHD6c65LnsLRhtNZsAcFbaH1299fD,pumpswap,1790091320,0.000002983,2930.09,2835,2835,0,0,4.83,9.58,0,0,0,0,0,2,0,5,,,-0.38,0.01,0,1,1,1,,,,,,,,,,,
1790387172,8Vte25yt28L8BfLXm8DrzjSYEyaKX8yry6hRKRmX7FGd,UPTOBER,HJHA6AFiUQVR4nUScs7ZAR775427PJtVFqj3kmLgP9WL,pumpswap,1790091690,0.0002917,52833.19,283764,283764,312.73,17079.58,128146.27,534916.98,15,4,337,269,3843,2255,34189,9893,0.59,2.57,13.45,12.59,100,1,2,1,,,,,,,,,,,
1790387171,5nLfR5k6SWP8wXWnrBHRQ5jRjtkFKBGxTmvEu8eqpump,SCAT,Gen8kU9zKiEX2wHL5X2ded8ZEqM2ySN3UkJEWeM2Ej9w,pumpswap,1790090859,0.000002468,2533.53,2357,2357,0,0,4.12,18.04,0,0,0,0,1,1,1,3,,,0.41,3.88,0,0,1,1,,,,,,,,,,,
1790387172,82g6qBXnXcX9UURMowGynkmZg2MD1TQhGrEJLs2epump,KCAT,85unTGCSGj6gn2fUp2R3FszeJQNvpxAGVZhg2LEdjUux,pumpswap,1790090416,0.000002554,3127.92,2519,2519,0,0,0,4.53,0,0,0,1,0,1,1,3,,-15.22,-15.22,4.27,0,1,1,1,,,,,,,,,,,
1790387175,NQ5hSuXQZrbnrwcDVk2qN73njjd3E3v3badYHnj5thF,IONQ,6bMXSku5MEj6DRUVE9DGaEtD4yreAZdB22v6kvtHMdRA,raydium,1790091583,45.18,71061.57,983681,983681,1.09,19.38,8134.24,114343.69,0,1,1,1,31,59,794,930,,,-0.41,1.5,0,0,0,1,CLMM,,,,,,,,,,
1790387173,C9GVVfB6P67FEMvhD1YHyCVPrGLGbpAHtXgnJrig4MKY,SCHRÖDINGER,AMZKXrQjS6JLZXMob2s6P9ZzZ6UZMCufbK3iEf78exZP,raydium,1790091250,0.000008035,9282.41,8035,8035,0,3.38,5499.71,9351.75,0,0,2,0,31,38,86,92,,0.14,-11.41,-27.56,0,0,1,1,CPMM,,,,,,,,,,
1790387175,HraqV71uEgzmhRWupWfMT7vSkkm7YMBYq7moBRHceWxP,REALLY,2dVkTVmcGB1erkATESQoKL2DTNw3u2g6VHPkAt6iXZiA,raydium,1790101688,0.000001974,2301.83,1974,1974,0,16.26,435.09,559.05,0,0,1,1,8,6,16,11,,15.75,5.52,-9.35,0,0,0,1,CPMM,,,,,,,,,,
1790387175,wAifunvXK3VY8MPZo6ECke8We32LcGwehEr9KEz5zT9,WAIF,4wKzaZk9kQpyBDcq3mSdJB7HrtapRSZbAEX8ZfvCtSd1,meteora,1790103712,0.001259,52757.05,1259981,1259981,201.7,228.92,1416.33,23941,2,1,13,1,84,12,413,105,-0.38,-0.17,0.94,4.85,0,1,0,1,DYN2,,,,,,,,,,
1790387173,CfJjsR7S9KkYTihbL9NJ5ZVDyoVtef3HUJuoWJtK7rgq,DAQ,8DcUHCdXob6PNzKs4v9wJ8vB4vbQvXHYPhyUiWMbJxWR,raydium,1790105248,0.000002611,4787.81,2612,2612,0,0.75,0.84,33.97,0,0,0,1,0,2,0,5,,0.09,-0.06,-2.07,0,1,1,1,CPMM,,,,,,,,,,
1790387173,BG9JzUixbVqwBgtgTWtdDaJgK1wUTnCESZkHskLbZjNg,Bobcoin,CdbvkUy59ruP6ficdSHa57C7eVxowgmtzi7uZa4TsXsY,raydium,1790104906,0.000004295,6109.63,4296,4296,0,13.96,175.96,531.41,0,0,0,1,1,4,7,28,,-0.61,-10.45,-16.23,0,1,1,1,CPMM,,,,,,,,,,
1790387172,9Uqpbbpq7EzAtotoQJhRhD9DUnWAQKB2Bzc2ym7J4yzD,POLYCAT,AcMgAuY1kkBzCcbTGd4YRzp36xtmwCEpotoqEgBmv8W7,raydium,1790103729,0.00007077,24417.46,70780,70780,0,421.36,5297.71,54851.66,0,0,10,6,88,54,506,318,,-1.22,-14.71,39.17,30,1,2,1,CPMM,,,,,,,,,,
1790387171,3y4KW6Yere8NAjVSPVVWEXkUoDfXV8b6t3EDGS2W5wP2,BAKARI,G81USzwt5ud94BDBke2SbdQkeUazVfdGDt8tx8aJdQFe,pumpswap,1790105666,0.000006191,5884.16,6046,6046,0,60.21,752.79,6128.08,0,0,0,3,4,28,81,158,,-2.01,-21.8,-59.31,0,1,1,1,,,,,,,,,,,
1790387173,BeUAXnAoF1ip3kMLCpgdJ8WRQFTzntDkgfyVYyMwpump,Archi,EhTtok6JCcNauGLr1Rwgi4ZZm7u8k1hRNYmyCDxHWpvw,pumpswap,1790104775,0.000003698,3861.74,3578,3578,0,0,14.89,32.84,0,0,0,1,1,7,3,19,,-0.35,-0.85,1.27,0,0,1,1,,,,,,,,,,,
1790387172,A7fpFDc3urDpeLNASXZcshSWaHnbfLeH9M6f9ho2pump,CLUB100,DU9joZwoamuGkNBRrPe19DBn38kRFBWrV3vEdLerxDES,pumpswap,1790108423,0.000002647,2638.31,2367,2367,0,0,0,4.28,0,0,0,0,0,0,0,1,,,,,0,1,1,1,,,,,,,,,,,
1790387173,ARMbSB1MBRQrY6PNMao1HdQ431VafC6JRJCsGZ2Yv3iJ,ARM,H8v6Tm46g7AShbL3h1RsD3mUAiPuCizfABGAJTfQG2kR,raydium,1790107878,308.11,52653.3,285008,285008,0,3.93,4261.75,23967.58,0,0,0,3,16,25,192,220,,,-2.35,-0.51,0,0,0,1,CLMM,,,,,,,,,,
1790387172,8P1XmDhzU8qR3oiXHd2YfmBpB92Rn4hwunMsMGdghvCn,SOLTAO,H56x9EzRFiMgfvXYwyE927qjJuG4QnFGh45tDN7UrFXo,raydium,1790127553,0.000009588,9687.67,9579,9579,0,50.87,410.39,11434.75,0,0,0,2,5,3,94,104,,-3.01,7.37,53.61,0,1,1,1,CPMM,,,,,,,,,,
1790387173,AD7cjPhebfrtXSNmBRs6rxnawF87zCeUE2Mxc4ZmWmrH,TYGR,23xAFZzbCer38XYT6VEZE7QLcNwjetT34VowF4Fd8gVh,raydium,1790127358,0.0001618,36016.01,161824,161824,683.86,2660.75,25569.63,88402.17,0,2,9,12,93,93,392,320,-8.43,-22.39,6.97,103,0,1,2,1,CPMM,,,,,,,,,,
1790387174,DpHfXmbiPiqcA8agUnzEttFQg968xxhYBsvUivQbmoyp,CI,BpiURyGawT9onANR99qrm4An6E7SABwqxoZQYh5M3Ahh,raydium,1790128125,0.000003767,5646.56,3767,3767,0,0,1102.73,1494.61,0,0,0,0,6,13,13,37,,,-22.32,-30.73,0,0,1,1,CPMM,,,,,,,,,,
1790387172,9RL1WFSXYyV4ZhdVbRyfm5zLFu1zPdkaPVQXo879pump,FROG,7EL95eh9e9vrvus3y6eMfT1sqT1HyxivzUyMPWN4Ms4i,pumpswap,1790128561,0.000002737,3194.86,2674,2674,0,0,0,0.84,0,0,0,1,0,1,0,5,,-0.24,-0.24,1.87,0,1,1,1,,,,,,,,,,,
1790387173,CfEKLtLG6BDXZeY2YwL9EETK1PRTdpUhqJsy9X7CkzbQ,₽,HGuWbSNsj44HmedYrfat22noKyFUxxhhguNjPtYCE4R9,raydium,1790129402,0.00003958,18693.18,39582,39582,0.6,1481.54,3156.31,18947.38,0,1,0,11,4,26,71,128,-0.63,-28.05,-37.34,-61.1,0,1,0,1,CPMM,,,,,,,,,,
1790387173,BQtbEDcZRciafnXk5t5pFFaAiDkBAGufsRV3Ms9GJbiU,BASEDCAT,FmPbnsKeb1e2iVYbCiz7ZxmNhD5jnzzDCn5exdZmiAAG,pumpswap,1790128632,0.000003710,3729.54,3444,3444,0,1.7,136.29,223.27,0,0,0,3,2,14,21,40,,-1.85,-3.86,-2.76,0,1,1,1,,,,,,,,,,,
1790387174,Du2r1SrGZMjw6e8Fr6dVFz9qf4zW66LeSRV13w69GX7h,BEER,EzPiMeA1EoF2DuVaNvcb9Vv5aUvK1VxQ3r9oGn4e1vZe,raydium,1790129061,0.0003319,64948.56,331923,331923,847.89,3310.88,28922.87,93405.89,0,2,10,10,117,70,509,319,-4.47,-9.38,-24.8,-45.51,0,0,0,1,CPMM,,,,,,,,,,
1790387174,FVTUxu2SAsgoRaWHK2RjnNNkdLNkPWYER1WjHPrpump,WOTF,GXmTViz51UWxPRwyXDNKvtjmAJWyGiqYtNY8f418imbd,pumpswap,1790129788,0.000002386,2407.98,2386,2386,0,0,0,247213.46,0,0,0,0,0,0,415,2415,,,,-99.99,0,0,0,1,,,,,,,,,,,
1790387172,A5ZiQNqMPuNY2VvmwpbYJ9m4vpsbTnAqKSgvuCKFpump,UNIJAK,CLdTbhxZf3CH3SLN8ZKhc3LqsqLtEs1bK5cFWsdMrJiV,pumpswap,1790129315,0.000002952,3442.32,2867,2867,0,1.25,5.65,5.65,0,0,0,3,1,5,1,6,,15.32,20.49,20.49,0,0,0,1,,,,,,,,,,,
1790387173,BsjP6w64epXVzeArctjwWTyu6Hpnezm4vuxb2AR1s2PN,sold,4ft94iU4fSYgCJhCztcUWQSAvXYqVrsLTm2fhkfHvL6i,raydium,1790129668,0.000003283,5209.01,3284,3284,0,0.01,32.41,74.28,0,0,0,1,0,4,3,8,,-0.29,-4.06,-7.24,0,0,0,1,CPMM,,,,,,,,,,
1790387173,AxZYPsQc2tFUWCvWCUd6sR2FWSJ8huqJbEuexmqXvGXo,LYSIOS,BfMWpbqDue7VTSShxb6BjmNzap4Ma3CShwEgLXssnwDm,pumpswap,1790252797,0.00002710,13179.42,26208,26208,7592.62,13231.7,14578.52,27875.87,40,25,93,54,105,74,246,213,69.16,246,138,67.77,0,2,1,1,,,,,,,,,,,
1790387171,6CJ92jwMXTJsjmXdh5TZgPbbMwyWdSG44hRUQ7kwpump,MINESTOCK,FJ7TY6rtwboVc7vQ2sxxty1ieiAHWeecuvW5BA3NnGSg,pumpswap,1790216812,0.000002768,2735.96,2623,2623,0,0.92,0.92,27.04,0,0,0,1,0,1,1,6,,0.68,0.68,1.56,0,1,1,1,,,,,,,,,,,
1790387174,FPiSWxP6he8Q4WWAgqNaW62rvxfxQzwmDBGwdkrsSTNK,FATPIKACHU,4dPWMNCL2Zqn8cwnti8ydsjbFTfUSnapGkSPz9bQUBfZ,raydium,1790209660,0.000008514,8605.78,8514,8514,16.74,16.74,977.55,7370.62,0,1,0,1,5,9,37,34,-0.91,-0.91,-22.77,-11.91,0,0,1,1,CPMM,,,,,,,,,,
1790387173,DCborDQ2RjUJrCSNPNq5wjv7F1xMX8idwMntK1K4KBnM,zen,zgd9RR1SoFK4z6s15xdmmjJdu3xEjydrcMCoaWYsoms,pumpswap,1790215446,0.000006981,5879.82,6686,6686,0,4.23,2948.35,29275.17,0,0,0,1,21,32,227,262,,-1.18,-28.01,-63.28,0,1,1,1,,,,,,,,,,,
1790387172,A2rzoxEZpjRWeXsQUSsCqoQ3VhD52947HVFUdMWvUSfW,Abu,BVpf21otVkxfwUEZwsERwGZXcaRcW8J4fVEV1Ln1ECpN,pumpswap,1790221565,0.000002839,2813.27,2714,2714,0.05,0.05,2.26,414.57,0,1,0,1,0,2,4,9,-0.07,-0.07,-2.85,-12.25,0,1,1,1,,,,,,,,,,,
1790387171,6TcFqnzyxFE6bZPqNL7MimUsvggheDQrjwKUhGUKJFXY,Rufo,Bzun9z1nwRr4pcDA51MGkA3YqzhB5TDonprxRBG7ALpe,pumpswap,1790218653,0.00002884,14868.54,26774,26774,40.67,84561.3,94563.95,98365.4,1,2,311,277,400,342,428,420,0.68,129,223,81.12,0,0,0,1,,,,,,,,,,,
1790387170,1gWWhs7qrd9sBHwppQdMU2h2fTnnyoCYCSuVjFBpump,DOGY,9jAaCVm6wcnGmqFNhmYEdzL9YCsJB6psK1iFNT68xziq,pumpswap,1790273862,0.00001560,9641.67,14960,14960,0,1280.68,6893.44,69474.78,0,0,19,11,70,74,887,740,,24.19,-19.29,-45.66,0,0,2,1,,,,,,,,,,,
1790387174,G59zeXWwXMw2bb6UJD1ceELXRhNkLXHkYrtBYBV5agnt,.agent,Ac9V1XvCdyF7oreiHhQjZDwT1zy8kGKnhAcwk2U3kAvC,pumpswap,1790244859,0.00001159,8700.76,11019,11019,5.12,97.21,951.1,29911.22,0,1,0,5,24,33,381,466,0.19,-2.76,7.52,3.05,0,1,1,1,,,,,,,,,,,
1790387171,6tabWKDy8cUuuNLn5VnMkj8ijSmrKhGAprb8uBqV71Mf,RWT,DBxThuh558T6nnyWiEZ2xVvRMHQue1YPy6QkVQq1jZEU,raydium,1790238114,0.000009162,6960.34,9163,9163,0,2.37,133.57,2598.63,0,0,0,2,1,10,10,40,,0.24,-7.97,-61.77,0,1,1,1,CPMM,,,,,,,,,,
1790387172,8xtP7TNqK7ND5w7aJjJ1StVzYHqCV98SXdXx6UMspump,TURF,6WQHqoZyx8KaqVaDn1h7SF3ndz5LtYAdfMQqXvZKau7v,pumpswap,1790244085,0.000002889,2980,2812,2812,0,0,238.12,468.34,0,0,0,0,1,4,4,33,,,-8.47,-12.47,0,1,1,1,,,,,,,,,,,
1790387175,MLdXKXUGXoYSDx5pcDWMrCdLP2AyxzxaQd3QvFMpump,PINF,5bQ7Mfuh3KcXbPbmfEkKgmVafa7BxqPswJu2T1fBfhxo,pumpswap,1790244236,0.000004115,4955.03,3857,3857,800.22,800.22,931.85,964,1,1,1,3,2,8,6,23,12.25,12.88,11,14.14,0,1,2,1,,,,,,,,,,,
1790387171,4x8JnqmsTWszJKrnmt1kBKqcc5cRg2SA1JCfq7PNpump,WIFSHART,5EHvCic5xQny3ZK2svf61v51T5dt6fDCR1axaq3wbKg9,pumpswap,1790244808,0.000002481,2688.04,2400,2400,0,0,0,26.21,0,0,0,1,0,3,1,12,,-0.21,-0.24,2.26,0,0,0,1,,,,,,,,,,,
1790387171,4R6sTSvRmM2vZxGC4AYWMjPJE7j2TJMowwMcMeFbpump,NASA,5wpmCjpRWkhh6RKBYAYjcpX7SxzeMDtB4P3cisQBv5KA,pumpswap,1790244964,0.000002069,2092.81,2064,2064,0,0,0,14.61,0,0,0,0,0,0,1,1,,,,-1.27,0,0,0,1,,,,,,,,,,,
1790387175,HMD6LV9hj6SdSKF4oTd7dYTVUhVL8MzYvPZYgb7BQSrW,JIRACHI,BQkWYToxDKqjhesAM1R2gAUMQ7HRunHBKnJor4rQNQe4,raydium,1790247702,0.00006478,26837.55,64785,64785,1.99,7342.94,18091.45,229730.49,1,0,52,30,153,116,1359,1095,0.04,-24.6,-51.4,-70.72,0,0,1,1,CPMM,,,,,,,,,,
1790387175,dxqSq2hQipTN249zjv78zujvaeEgYyHyYq88pNXpump,ONBOARD,FZAjdc1kStK4MrTdZ4wMaJhSbqs3U4LoCFejWj9a4uGC,pumpswap,1790257150,0.000004447,4745.86,4354,4354,0,55.74,395.63,2713.23,0,0,1,6,12,38,110,171,,-3.43,-17.54,-23.82,0,1,1,1,,,,,,,,,,,
1790387170,23d5EtiLeT1t6seccoNNADa82yUeKrch8g6ei9tVpump,MCNAP,HNyY3tXe5UYiY4SXnkFGWf7GpdpfxdHjuGSTuyV43nH6,pumpswap,1790256041,0.000004223,5643.92,3992,3992,0.16,6.15,6.2,109.43,0,1,1,2,1,7,10,30,-0.83,0.4,1.27,3.62,0,1,2,1,,,,,,,,,,,
1790387172,8K5tbzsAJx1JYj9yvZdtJbFqbf1A3uKGejpw59wNpump,PELON,2RuHs3BdjH3JWUHpny19ekrUvjAGryNQUYApFgmZBWnL,pumpswap,1790255744,0.000002492,2772.08,2440,2440,0,0,0,0.15,0,0,0,0,0,0,0,4,,,,3.68,0,0,1,1,,,,,,,,,,,
1790387171,6MPGA9ccfsQfdUDNhWmiWp3CkCYsJnbN6UutMY4icPjo,ROBUX,7EZo4smD2egU1KbFbFxSNG4Utuqmccc4x51QQXPfGGob,raydium,1790249051,0.0005354,64890.47,535452,535452,167.07,3377.7,40060.74,226346.21,6,0,29,28,842,251,2456,1394,1.03,-0.93,-15.03,-1.05,0,1,2,1,CPMM,,,,,,,,,,
1790387174,FnBS4V6kyWXKWfgH3tT6Xu162WubcgtqjVTHcU5Zpump,ST,9atKbKNbc6fbs8jJFWjgFKdDfCZmKQT4zMhdVwDDRMjW,pumpswap,1790255653,0.000002706,2707.09,2623,2623,0,0,2.14,314.14,0,0,0,0,0,1,2,10,,,-0.23,-18.02,0,1,1,1,,,,,,,,,,,
1790387175,a3QiJP8BJ3sTsP85fYAAtsLrdH9W3AvSFfRcx8Spump,$BITFOOTS,AhvXJNE7s9j6f3UzL7wuZYWLAKfQzjmHnEe7WooLiHhv,pumpswap,1790256965,0.000002431,2482.61,2290,2290,0,0,0,5.3,0,0,0,0,0,0,0,4,,,,2.3,0,0,0,1,,,,,,,,,,,
1790387175,HNxwU4tZ7urNGnjbjUc7f1jXUfqwhNC3VaAUJhpPpump,TICTOC,2BWdNPLxs1g8wewMAD6on7xUseCwMVQ8VWvNEgVVpzS5,pumpswap,1790257497,0.000002383,2572.19,2354,2354,0,0,0,0.07,0,0,0,0,0,0,0,2,,,,3.82,0,1,1,1,,,,,,,,,,,
1790387175,HExJd47752Q2Nqm1EpMDrvfPKWdeVtZ3ATh1TukU1tYn,WIRE,4zqq2kbuL6b98Gx2DjGzkZ2MPUq559nkWrvwJMi3Tkxd,raydium,1790258787,0.000002838,4621.43,2782,2782,0,0,218.53,443.4,0,0,0,0,1,5,9,30,,,-14.05,-37.87,0,1,1,1,CPMM,,,,,,,,,,
1790387173,CLeHYCiRZBbemFGhe19E9miXnGc3LuervrU7TYmVpump,TBR,3JRbixScAM3st3pTRLA66tRi7xFvfBq3jtuockJ8Jtzz,pumpswap,1790259409,0.000002478,2622.69,2383,2383,0,0,0,0.19,0,0,0,0,0,0,0,2,,,,-0.4,0,0,0,1,,,,,,,,,,,
1790387173,BUFtBSEE9LMmaNjPvqUnUQD4QZM6WqGzLyG77jXof6t5,MOONIMALS,1dsCMsWdhg1KkZUyXwQu3GErFZxttAZofm8NEGHf2SW,pumpfun,1790263525,0.00001166,,11668.82,11668.82,1.22,927.37,4507.17,43488.4,1,0,15,1,42,37,425,414,0.36,20.31,-7.98,-9.38,0,1,1,1,,,,,,,,,,,
1790387173,AB6GPhv1N39418hYjCqAqnffT7Je4mrXRDjBXtu6pump,BOARDCAT,3TzFDYQXukxhyQbCHHTr74SRpGSNXa22B6bTV9J4FpET,pumpswap,1790263398,0.000002807,3189.08,2767,2767,0,0.69,8.49,30.44,0,0,1,1,6,3,12,18,,-0.66,-1.42,2.84,0,1,1,1,,,,,,,,,,,
1790387174,GM9XGgaQMKDRV3YDGed6VhhUAfDE4oGFgcVMZZMKnhci,SEND,Ar1pXnztYs6gb4AUa9wBuUoYknbDPom71QGgG494LPFC,pumpswap,1790263991,0.000002571,2569.16,2407,2407,0,0,5.85,3721.83,0,0,0,0,0,2,8,25,,,-1.58,-66.85,0,0,1,1,,,,,,,,,,,
1790387172,7vj29b4sM8EGX9VDuY95NjgskWC8FML2zu5np2bR9xB6,HTTPS,Dj4kD5dd51Y6qvFCkRwRUVxALMCG3mFoRpy6WjGN581f,raydium,1790262623,0.000002519,4375.79,2520,2520,0,0.11,18.45,170.11,0,0,0,1,0,3,0,30,,0.42,-3.84,-8.73,0,1,1,1,CPMM,,,,,,,,,,
1790387173,D3EZngMsHrHY6aUZyoRW7feeAFHKhLHc5SVYq47hQbga,OHMINU,GzEWPTFCYwpDEYyXD3Ziv7uLYXt42279Wmy4hh78nASN,pumpswap,1790350499,0.000003015,2943.83,2870,2870,0,29.25,437.17,22654.58,0,0,0,4,5,24,242,323,,-2.24,-17.7,-93.93,0,0,2,1,,,,,,,,,,,
1790387173,AAkZAvAqddCWg284KWY9c5iY415RgCWNqw9vKXHiLeaf,Leaf,5UbWH4bWrPNW9xjbVRCFZ1X3uyYDBStD3ZAJQ1i14xDG,pumpswap,1790264236,0.000002857,2870.15,2746,2746,0,1.06,47.86,993.53,0,0,0,1,0,4,8,33,,-0.28,-3.18,-7.57,0,1,1,1,,,,,,,,,,,
1790387171,6YqakuvZZ26Svz5SGtCV4yWymwyp1NM4M1DgBX7svRpC,MACCA,7xzqbtmk6HK1yAsjemfo7PyvfEqXsUn5wwXemr2G984f,raydium,1790262334,0.0001166,33979.5,116638,116638,1.89,1827.1,22654.35,193635.68,1,0,10,16,94,121,1274,1103,0.02,-2.34,-1.8,-11.19,0,1,1,1,CPMM,,,,,,,,,,
1790387171,6gtKNF38rosqNRGZsEqxPYXd9itc23cbKcjszZofpump,$SILENT,8YmfMWMCXA5tizeR3nxLbF7NbmpKJLAqUNcDZ14mbRaV,pumpswap,1790263098,0.000002602,2795.23,2517,2517,0,0,7.63,15.92,0,0,0,0,1,1,2,3,,,4.85,3.73,0,0,1,1,,,,,,,,,,,
1790387171,6jqjCQg8F4WEiTk4MiEiTm9zNmsYhh4ryaXVdSQZhe6K,GEM,AnPxzzeRfYWfpUepYzD6dA4nvwLhx4EerxwnakofdsRr,raydium,1790270695,0.000004685,6276.73,4686,4686,0,0,126.09,4669.35,0,0,0,0,2,5,53,69,,,-6.93,-48.51,0,0,0,1,CPMM,,,,,,,,,,
1790387172,7dyQxUL6VaT1V1dbw1erkknW8MJHEaKdeEo3SMmFpump,BUFFDUCK,8dNFuhvcq7LACw4x6JiL54z779iSjeJKUU3qnBMmzLmg,pumpswap,1790270364,0.000003145,3162.33,3077,3077,0,0,4.81,97.99,0,0,0,0,1,2,2,20,,,-0.66,-2.19,0,1,2,1,,,,,,,,,,,
1790387171,3hg9cWm29zpMpJdFqu5KtZCziYLJSB4ieKo5jRafpump,HYPEERA,5RxixaE4BzWPz7GkPSnPenbPPFzKTBCSD7k5rvAP7tib,pumpswap,1790271057,0.000002481,2606.29,2413,2413,0,0.99,0.99,1.51,0,0,0,1,0,2,0,10,,0.74,1.18,4.45,0,1,1,1,,,,,,,,,,,
1790387175,spwn3Mwjuig2wWfuG2LwzHPZTeZU3J3KtrPdkf11bpk,SPAWN,FvMA1Y38Er6idQwqamubrANu69KtkW8RzECD8prp7iUv,pumpswap,1790270335,0.000003713,3589.08,3551,3551,0,175.83,207.23,853.11,0,0,2,0,2,6,9,38,,10.8,8.3,-0.57,0,1,1,1,,,,,,,,,,,
1790387175,HNnMeQ4ji2nKk12mG9qnSDuJVZVfbfmodzxdaZPmpump,claudechain,CnhZG3PfBfEBAdF5M2hfT7w8tgeosjq9nmbthsCteVLu,pumpswap,1790271854,0.000002730,2753.71,2499,2499,0,0,0.35,68.67,0,0,0,0,1,0,2,12,,,-0.86,4.05,0,0,0,1,,,,,,,,,,,
1790387172,9UJswd6e5kzay9SWdRYU5zVtqpfcuFHJJaNC8jMyQ1hA,sBadger,9UgsBpqMzcrTs2HwBZnDJjXXZWXW9AKAQcxL837Emhbw,raydium,1790271541,0.000004373,6091.53,4373,4373,0,0,16.69,590.38,0,0,0,0,0,3,3,14,,,0.92,6.7,0,0,0,1,CPMM,,,,,,,,,,
1790387171,6TQBFXT7GKY2BZVATXHMFA5QfAUS7SxtdF1aEGnYNSV6,JOLLY,5yv6NiqRuUUHpRSC1GD8sCp6sq4UN6uPyytX714aRQPF,raydium,1790273258,0.000003326,5486.11,3326,3326,0,63.02,271.73,1505.4,0,0,0,1,2,10,22,78,,-4.83,-11.4,-38.62,0,0,1,1,CPMM,1790387249,0,0,0,1,2,10,17,75,100.0
1790387173,AouqdqhCsKb1x5Ngw5PktSonaWnxb9UiBF3QzBdvtMH,JOLLY,62DYAL8KNLrRTpvjYhL9Ykm1mHd5Diwx7ZKuXUQo9DGN,raydium,1790204868,0.00002430,15709.29,24308,24308,0.02,405.6,8704.9,107797.22,0,1,2,14,108,121,960,866,0.07,-8.36,-12.08,-50.04,0,1,1,1,CPMM,1790387249,0,1,2,7,68,78,409,521,100.0
1790387172,8zQmQL6TtSPB3xJSy4cM24rebupNaxEipmr7T8vwpump,trolls,2mZq9W28WJVWxZmcVEo7MJs58e2Cpoh2LQNxuk3dXPCr,pumpswap,1790273275,0.000002572,2851.73,2497,2497,0,0,4.72,12.11,0,0,0,0,1,3,2,11,,,-1.87,5.02,0,1,1,1,,,,,,,,,,,
1790387171,7F8EHMBLttDXbx3kWqzCMTxeyP8ExMxWj5DUJUyTpump,MOON,AQ24ke1G8Ww3RC3ZHD76pHsWKYPdTof5am7WQe8vRrmA,pumpswap,1790276057,0.000003588,3445.87,3462,3462,0,3.58,91.99,2085,0,0,0,1,1,7,39,70,,-2.57,-6.26,-10.54,0,0,1,1,,,,,,,,,,,
1790387171,6TfTBpkgRX5kzb1qbtijV1nZVTfzfbmbXE1hPsFrpump,Agrippa,8aDqCgNAmrpJRB7ZdGM8a2SkCEKJJGf9wrA7aodszn7a,pumpswap,1790271240,0.000002721,2993.29,2651,2651,0,0,0,75.27,0,0,0,0,0,0,6,8,,,,8.03,0,1,2,1,,,,,,,,,,,
1790387171,5rzMk1M2ayGPQ3zQLkWV6FMxvaLAXeXrAzotYLF5chcg,CUTHBERT,SHT8pyFXpfB8fH54i5nM13joSh4CNYHErsGm4kPeDzQ,raydium,1790269437,0.00004928,15234.9,49280,49280,0,1657.21,7054.63,44189.29,0,0,13,6,50,42,262,269,,-16.76,-1.08,-51.55,0,0,1,1,CPMM,,,,,,,,,,
1790387174,GaV58XheErrvHbfNvcQvvxtPEhjdwTBwwbrAZugGpump,call,9yAwkfkA8jSVKaFCaijnPCt1cjpcUqBGwZZ5AxJdCVry,pumpswap,1790273218,0.000002423,2423.92,2312,2312,0,3.06,3.06,50.68,0,0,0,1,0,1,0,9,,-0.21,-0.21,-0.9,0,1,1,1,,,,,,,,,,,
1790387174,F8BTnFMCaajnrRYfmVGqJrvm4PYcFb1AiTwLxCpSpump,PLOP,EpMgwgW1gVRPFfLFynHYKk6RT1YDEc9NLXADdQEisath,pumpswap,1790273736,0.000003216,4027.77,3138,3138,0,0.01,0.48,96.73,0,0,0,2,0,8,1,31,,0.7,0.68,4.82,0,1,1,1,,,,,,,,,,,
1790387170,12m8Pwr1UHmmyM2Qh9bJBNurR9mmcZa1adCkAvdLpump,OnlyCats,C2U372C8rN2XHZeGn3LJrhcrEpgaNx92SDNs9qXsewo,pumpswap,1790273764,0.000002404,2619.67,2369,2369,0,0,3,22.51,0,0,0,0,2,2,2,6,,,0.11,2.6,0,1,2,1,,,,,,,,,,,
1790387173,D8aHDLTQtDqMLAghU6KKVGtgFEDvJU1NAkn6vbKVpump,catfone,3i3rnbKa6Rbs5dksuEU8v5a18Banpk4ppzXUpcVzmykW,pumpswap,1790277814,0.000002518,2612.23,2470,2470,0,0,0,0.14,0,0,0,0,0,0,0,2,,,,3.45,0,1,1,1,,1790387249,0,0,0,0,0,0,0,2,100.0
1790387171,6dPweBFhc13AjGQ5MBYJUs9EYDJ3zXfGPi61zDAVEwDb,SAGASU,2AjPHG6oX7cKdE1BcpQQ1mbcS2b7CBHwrdRXAELnPuL6,raydium,1790276982,0.00003623,17324.92,36230,36230,0,105.86,9845.69,51929.22,0,0,2,1,80,75,405,414,,-0.24,-11.36,-19.09,0,1,1,1,CPMM,1790387249,0,0,1,2,36,42,227,213,100.0
1790387170,1LHsACGWsizxXZ7SL8Wth8jkjKrK524kqdWC2bz4ix7,MET,3m1C7arHYT1RKvjtZSUBYhYN7pJ7X3LKrAtmvq5CmL6B,meteora,1790278830,0.000006617,12797.3,6618,6618,0,0,0,69.16,0,0,0,0,0,0,2,5,,,,1.62,0,1,1,1,DYN2,1790387249,,,,,,,,,100.0
1790387173,B5pXX5vFbMNuX2aLNq5KArX62dwqsMvb2FNhLoiRpump,BELUGA,6K6HzwNdeBJkp9UjwKDGGSMKtMS9EJpW7gxafAfaMCjt,pumpswap,1790278979,0.000002304,2420.42,2273,2273,0,0,0,10.06,0,0,0,0,0,0,0,6,,,,2.56,0,1,1,1,,1790387249,0,0,0,0,0,0,0,6,100.0
1790387175,GycDqcYhjbRHjexjwFdcsLupoW8rQ7smBXwnagzqpump,SPOON,88NJN8esHEiDTkETgZMmznjzxv4qrC8wQAooYne7KY8W,pumpswap,1790278671,0.000002530,2724.07,2469,2469,0,0,0.03,30.61,0,0,0,1,0,5,2,27,,-0.26,-0.24,1.56,0,0,0,1,,1790387249,0,0,0,1,0,5,2,26,100.0
1790387173,ACvqgrkji3xvr4wVjbjxup7XJRPdDWZQGS5aapEQpump,HOOD,Fo86Ex9aoJgrsovfAD5RiWB4L6H2u5e1a1TDJ6jXtAbM,pumpswap,1790278241,0.000002198,2227.61,2189,2189,0,0,0,0.85,0,0,0,0,0,0,1,0,,,,,0,0,0,1,,1790387249,0,0,0,0,0,0,1,0,100.0
1790387171,4Cf16dgFaaMtYAdjLq5HvaH4RLHtAyFj6ZVSNuwyi35K,MONKEY,5ZqhifSFJj1rMsUHqdbbmDP3iGu6mbQSUP1xg1GkBwLf,pumpswap,1790278843,0.000002556,2547.57,2393,2393,0,0,16.09,205.18,0,0,0,0,0,6,1,33,,,-1.58,-12.61,0,0,0,1,,1790387249,0,0,0,0,0,6,1,31,100.0
1790387171,35BjbAG9aHbESgrPMF2VUTgUEopLrwuddGC6hQG7pump,Google,HLHky6gfAgt4YLdWAu4M2ApUiXhiJZJYCGRLSNeXny1G,pumpswap,1790278348,0.000002066,2088.08,2055,2055,0,0,0,50,0,0,0,0,0,0,0,2,,,,-2.51,0,0,0,1,,1790387249,0,0,0,0,0,0,0,2,100.0
1790387175,sEkzZ2YRgG1FDQRKjP7uoUZmq1BCDSMJttRqyu4teNC,GR,5qN6svpqdtnhWHyyKeqp9F4oC2PwnypqMyWhRaFC6XjS,raydium,1790217033,0.00003595,15226.19,35955,35955,0,34.18,7852.63,83227.3,0,0,2,3,72,53,781,536,,-4.7,-24.86,-36.04,0,1,2,1,CPMM,1790387249,0,0,2,3,41,43,472,358,
1790387173,AotNyzGfP8wRy9mvi3JggMii2deNFaCvAT5qULojWF3t,SCYTHE,933F3FgQMcGu7ewFrsjC9UYHojjrqkVbC2Gr2e63QDfk,raydium,1790285251,0.000002467,3555.4,2467,2467,0,39.86,473.56,12655.53,0,0,0,5,9,27,95,204,,-8.41,18.06,-92.25,0,1,2,1,CPMM,1790387249,0,0,0,5,9,13,43,88,
1790387175,HiiRvVQmdETji3hRJArjJr6QxLKryYHKkREXrDEwNa4E,LIQUINU,4urS7v33AaAcxWJuc5JcPkkc1NzHPg9FDQxEmZvDrgTe,raydium,1790271305,0.0001947,39157.19,194709,194709,0,2099.14,27336.58,135847.12,0,0,4,6,68,71,404,365,,2.96,-34.29,63.89,0,1,1,1,CPMM,1790387249,0,0,4,4,30,37,140,158,100.0
1790387175,hGq6x3FwjMcNYX9WitsSRph2nnaoA6KuN7HPk9FMpad,fomo,7ScKdre83kTjKRtxBk7PSs7VC32JTJtKFgf1hDrh6ycp,meteora,1790288454,0.000002867,5248.5,2864,2864,0,0,78.33,112.94,0,0,0,0,3,1,7,12,,,2.89,4.27,0,1,1,1,DYN2,1790387249,0,0,0,0,3,1,6,12,100.0
1790387171,4dtNo5GHzbQTU39fykpy55NuLaWyVSpB3HQ8UdUbCwxn,UI,F6DMJtuSqWP6nx8NA4Xat8obzPTFFYyBwuE6CF4PFZLA,raydium,1790286040,0.00009059,28859.75,90594,90594,0,28.52,502.37,14818.75,0,0,2,2,6,12,121,149,,-13.36,-9.02,-40.2,0,1,1,1,CPMM,1790387249,0,0,2,2,5,10,65,84,99.9999999997577
1790387173,B2JBQ98ZARAABHvDmhjrkviz1XzoQrXr75G7RTFQpump,LASTDITCH,CagyRzTfkTkZ2VQ6fNqKdbWqk5Cj6fEfpSgraKNf8ayT,pumpswap,1790288303,0.000007368,5814.36,6933,6933,0,0,1247.18,23157.62,0,0,0,0,9,17,234,232,,,-21.57,-45.78,0,0,2,1,,1790387249,0,0,0,0,10,21,121,144,100.0
1790387175,HyhYW8wCTkx3x16EVk1tyJuwjpvbt4WhEbHHXKdLA4sE,MESO,s7S3QCDrvRTC6YYrz9WhUjsHWirg3eCiSwUUPeHkSMM,raydium,1790283957,0.000001754,2949.29,1755,1755,0,68.36,8846.21,45184.32,0,0,2,7,46,205,478,783,,3.18,-97.67,-99.34,0,0,1,1,CPMM,1790387249,0,0,5,1,153,30,242,147,
1790387172,7xgHHNdgyLoLbXgykRFXa9D598d3ifVXVJfDuQ4vpump,BLOOM,5xupXrw1JQ5Ykft3vUb9M9WGyT6xeGKXTn1SJDG1Nmh,pumpswap,1790287877,0.000002189,2401.58,2130,2130,0,0,0.55,3.28,0,0,0,1,0,3,0,17,,-13.3,-0.21,3.58,0,0,0,1,,1790387249,0,0,0,0,0,1,0,6,100.0
1790387172,7c67PJmH6xVEQtnPRBhD4qVkzdKqn6j1xPfgokchjpo7,Xi,5cUdDWFPB2xLQg4nbW2sZsvJ4VBujeeuMPRsBQbVh6oR,pumpswap,1790287611,0.000002816,2945.85,2737,2737,0.39,0.39,22.64,2050.73,0,1,0,1,0,5,21,57,-0.12,-0.12,-1.88,0.49,0,0,0,1,,1790387249,0,1,0,1,0,5,16,42,100.0
1790387175,Qb7fGETNkskcgJPNVqfbYz8H8SpNrNKnH1B6faomXJG,Jandi,2FChrCNqxVR9Wiv9XJepwivGVTPS9x6EUDnBnerfSuc1,raydium,1790301840,0.000003039,5462.73,3039,3039,0,1.09,1.09,97459.79,0,0,0,1,0,1,705,799,,-7.64,-7.64,-93.82,0,0,1,1,CPMM,1790387237,0,0,0,1,0,1,394,443,99.9999999998521
1790387171,2q5g2nx9gJdpxCK6JtnKvq9rPAa6fQLkRCQMFvm1STNK,afk,DvfKmzPu5VWFeq3VVxH8eCnCpwb8Z2V5mt5xv7ERKsMY,raydium,1790302713,0.00002366,15839.16,23668,23668,364.83,12925.92,34569.76,670383.6,2,3,80,70,329,217,4980,3939,-8.65,23.16,-46.24,-51.41,0,1,1,1,CPMM,1790387249,0,1,39,42,168,146,1651,1544,100.0
1790387171,6sEfSA57vXerqm3cFmwQxa78rmBgRBR6pyEPJG74pump,COMPANY,CE8R8gSjtwri87Qbaq8Q8BrwqHwTkZ9tHe16vWSDA6MB,pumpfun,1790302418,0.00004858,,48586.58,48586.58,0,0,0,35080.46,0,0,0,0,0,0,248,72,,,,1277,0,1,1,1,,1790387249,0,0,0,0,0,0,210,50,
1790387170,2FHeJNKDR4yEnGGBefwYeguYSPKv7VdUFHbx18ANpump,DEVIN,8NPuPfB437xQep56ASbr2TMsSjkaXjuNEhsABhHDDFvA,pumpfun,1790302082,0.00004855,,48557.82,48557.82,0,0,0,46859.85,0,0,0,0,0,0,373,166,,,,1368,0,1,1,1,,1790387249,0,0,0,0,0,0,263,98,100.0
1790387170,14nnVFAdHZ2braEkVPu3Pf54jUZkzTmy8nDVxxFwpump,XOLOFOX,98VpkdzXhxK7sexjw1d9EdfPfbmMfh84m3E84CGuJPdQ,pumpfun,1790300712,0.000003552,,3552.62,3552.62,0,0.25,11408.54,49247.59,0,0,0,1,94,762,1225,1035,,0.31,-89.75,-82.81,0,1,2,1,,1790387249,0,0,0,1,86,243,935,420,100.0
1790387171,3qm8LhrCbpaHbcQexV37JgDGTrrjNfxDPEdf9yuLXLYs,CHIPS,G5KBo4iHfad1Y9J3AE8dgLK85fRxksct66Jbo8MmqV2j,raydium,1790300736,0.00002302,14534.73,23030,23030,0,1158.92,32195.17,761791.73,0,0,11,24,305,232,7482,5357,,3.78,-73.31,-44.81,0,1,1,1,CPMM,1790387249,1,1,7,23,172,193,2176,2262,100.0
1790387173,BVV7metAePDu4HWgP41PiD4x73tNiKMVdaugtYQXJUKU,BITCOIN,Fvd2ifVqHtqmQqzUrFYXQtkqLp8CnFgAXPLMj7PrP9Be,raydium,1790302273,0.000002272,4316.92,2272,2272,0,6.66,134.64,28474.03,0,0,0,1,1,6,232,267,,-0.29,-11.78,-95.08,0,1,1,1,CPMM,1790387249,0,0,0,1,1,6,109,180,100.0
1790387174,Frv6fVYSVkGAi9pFPWZBeVF9Jb8YNYEPyP3ySrFkpump,$MFRG,4QUnFUP3kjXqY41ZGBYPoKFiRLJoKcTzuF9rwNUasmms,pumpfun,1790302650,0.00007234,,72347.86,72347.86,0,0,0,901.65,0,0,0,0,0,0,74,58,,,,2080,0,0,0,1,,1790387249,0,0,0,0,0,0,7,6,100.0
1790387174,EceTFYrHRTmDPJ5gE7EyJUE76stTzaowALKjMdyGpump,Muse,7CcXUzyToQAnfHSeUiYyatnsr4XrimvFSCy7pWUZMhTD,pumpswap,1790302610,0.000002125,2140.76,2114,2114,0,0,0,105892.07,0,0,0,0,0,0,5074,7178,,,,-95.68,0,0,0,1,,1790387249,0,0,0,0,0,0,431,2347,100.0
1790387173,BbWaZxgo51Na37XYCn6SzSvVoZTCkCT23RLxxiJJpump,GROK,ES2Zm2SyNUwXFCs8udfTbn9K4HtqkhGGSyi4wQoYWvLs,pumpswap,1790302164,0.000002068,2086.8,2060,2060,0,0,0,92942.47,0,0,0,0,0,0,4751,6748,,,,-95.79,0,0,0,1,,1790387249,0,0,0,0,0,0,2534,3106,100.0
1790387174,EV64BxKLkf2XmeM1XUwUYCLnTKy5YBiZeDyDVHFapump,X,35ycZVpYxd4R7gNQidvN38FwLJyf3NBiu7Eh7XXTRepj,pumpswap,1790300996,0.000002157,2194.15,2147,2147,0,0,0,214238.33,0,0,0,0,0,0,10523,13099,,,,-95.58,0,0,0,1,,1790387249,0,0,0,0,0,0,2499,2215,100.0
1790387173,DfNzVmJPjeYTXDSEZDWurP1PVpejsE8nNghX53wzkz8Q,MICKIEY,Hn1YWr4mZJouZR4YqvLzCHuLqduookHPT88Sh2XLWdiX,pumpswap,1790301617,0.000002146,2165.39,2138,2138,0,0,0,98793.65,0,0,0,0,0,0,5507,3720,,,,-95.6,0,0,0,1,,1790387249,0,0,0,0,0,0,173,1450,100.0
1790387174,Ekfbe93ybDm7JnS3xFbTVrfiov2xtx7bgJkbQc74SLWo,RPG,HMwfxasodv8rG5j6tyKBGf5WwS4fkB5RQqYDhL98TkcE,raydium,1790321273,0.00004745,18534.36,47452,47452,103.59,641.36,14574.61,238912.72,0,1,2,6,125,91,1673,1124,-2.21,-1.59,11.26,8.66,0,1,1,1,CPMM,1790387237,0,1,2,6,87,71,590,514,100.0
1790387174,G4i1oQ9QHpZt8jVwomeroySgUpk8gHv7SuyjJBr2QNQj,Adora,14n4N6eMjhFJPoPY76cB5zA2FDJud4D88UtaFPy47Xdq,pumpswap,1790322749,0.000004745,4320.26,4559,4559,0,56.1,3446.45,332969.35,0,0,2,3,51,58,4656,4102,,-2.24,-46.06,-90.11,0,0,1,1,,1790387237,0,0,1,3,36,48,1714,1764,100.0
1790387171,5mXiJ166yyCZvaBABnP3gLksmecGtWk2gW9S7StUpump,MATERIA,Hvnnk2QjdbtYDEoZszBaGFHnFgQQLeceM97BccQkDaYw,pumpswap,1790324309,0.000002928,2874.01,2722,2722,0,23.86,164.36,93018.71,0,0,1,1,3,9,1251,1163,,-1.13,-9.99,-93.9,0,1,1,1,,1790387237,0,0,1,1,2,7,608,719,100.0
1790387171,77KzPrghGKrfT7V1k9ULyFpuqJE6hB1dok5byrXcpump,COLLECT,Evy6uQso1TvRESMbEJxXVocEoA1gPKMntZdgGGZSrQpt,pumpswap,1790324363,0.000002113,2132.35,2114,2114,0,0,0,80186.26,0,0,0,0,0,0,4382,6536,,,,-95.65,0,0,0,1,,1790387237,0,0,0,0,0,0,2111,2652,100.0
1790387173,A8CqZMCG63pj5QPXkuuziWS4xxjZkauiSZEZqtvVpump,DISNEY,543CeyKxjJC33UxnKLYaqP9M2EqZCq9C2fdh5F7Riaxp,pumpswap,1790323486,0.000002120,2149.01,2111,2111,0,0,0,157019.42,0,0,0,0,0,0,14968,15185,,,,-95.62,0,0,0,1,,1790387237,0,0,0,0,0,0,3099,3135,100.0
1790387173,CYUTE2SDapGQepdXeXCgmo5cepf8D1wgQYHB41Lrpump,Amazon,4m3mjQfxckkAYmVVF2sFiPe4DYSFsvTojnzeTddGbBfu,pumpswap,1790323958,0.000002147,2178.76,2138,2138,0,0,0,175043.95,0,0,0,0,0,0,11900,15431,,,,-95.56,0,0,0,1,,1790387237,0,0,0,0,0,0,2436,2137,100.0
1790387175,nrwJ1yLM1SyaQnvXU1uiLBRBSeXvcpGD9s8gVdRpump,CNN,7eFYJUXcbTDucF9B9f98njLUJv1AussXTfFMsBvXPw5H,pumpswap,1790324041,0.000002184,2212.16,2174,2174,0,0,5.7,132607.73,0,0,0,0,1,2,7697,4304,,,3.15,-95.49,0,0,0,1,,1790387237,0,0,0,0,1,2,206,1274,100.0
1790387173,AotFYJVM4hFQS97MWq6c2KoDgDYWFDCxLF9i8ZCfABPt,SALLY,3jX6WuYTBdUmWoLChPq6jnU1fhdYxp8txi5wwETvkHJT,meteora,1790185635,0.00003254,15184.52,32540,32540,62.39,1096.37,7650.27,48857.84,0,3,8,5,63,42,416,324,1.5,5.25,-2.27,15.43,0,0,1,1,DYN2,1790387237,0,1,7,5,41,32,219,200,83.6515853712389
1790387174,Dpf9rWHgHyuTM3JmGZwCGxXkiL2gJnafRaxTk77Jpump,SpaceX,DuH1G5siPEaCumZQBozzuefZeMwD5d8M86YttYqqdqex,pumpswap,1790327812,0.000002143,2159.5,2132,2132,0,0,0,124016.38,0,0,0,0,0,0,16017,17181,,,,-95.61,0,0,0,1,,1790387237,0,0,0,0,0,0,1195,2345,100.0
1790387171,64S9QFTFhrcLWsXWjTBkaWPS4asdcrQGwvVQWxUjpump,BMC,7CHKmWPXYVpEPae72WWuttJn5SbK1iNjy9UUDYTxXoCw,pumpswap,1790332439,0.000002670,2644.85,2421,2421,0,0,22.78,31847.99,0,0,0,0,1,6,408,513,,,-1.33,-94.44,0,1,1,1,,1790387237,0,0,0,0,1,6,179,321,100.0
1790387171,534psZzFePPFdT8E2u6wkt44vyYjjGQwLKPtj9CApump,Grok,Cnbn7RV3YwrCqFMPP1x8zPdMGrithjaVArSVdZ8hUWCM,pumpswap,1790330015,0.000002135,2163.81,2126,2126,0,0,0,313238.6,0,0,0,0,0,0,45805,47774,,,,-95.65,0,0,0,1,,1790387237,0,0,0,0,0,0,607,1780,100.0
1790387173,Dms6DDvZNN4u6zpMQJZj4pRFb1jmHGFYY4imVRRMpump,GTAK,2L8zHFz3iQwa1QxeSDN1o9VYTnpEpA8ZNnjDWqnJqgjc,pumpswap,1790331383,0.000002134,2159.25,2129,2129,0,0,0,137724.19,0,0,0,0,0,0,7230,8823,,,,-95.65,0,0,0,1,,1790387237,0,0,0,0,0,0,2803,3107,100.0
1790387172,9JtsorjnocdHJcxovUBVZPaGmDW91KhiNewoKTaUpump,もも,BH3vvZYGoZ42R1xvB5yL87eFuXnZLX91wvBmwVXvt7Y4,pumpswap,1790336447,0.000003152,3066.05,2938,2938,0,2.68,215.29,120568.28,0,0,0,1,3,9,1985,1840,,-1.73,-8.4,-93.67,0,0,1,1,,1790387237,0,0,0,1,2,7,940,1081,100.0
1790387175,J141JCiXKGcrhDCgWUTCL9qz7h943iCibNiLNfqZpump,0xquit,8R4DDi9X3RBLr876hhRJCv4Gvsy8d9SkABgb8YiHapo9,pumpswap,1790333122,0.00007152,25461.49,69160,69160,881.55,12033.9,334968.96,1918096.49,9,11,149,159,3237,3212,20054,16697,4.64,-7.59,-44.9,51.61,0,0,1,1,,1790387237,2,1,97,83,1479,1484,6526,6100,100.0
1790387173,CYD8vaCeDR78rxrFU84MzRvmmxsWRmYQQYM582AFUivT,Milly,4uMY11VhZvnQBB8peZDKaWzEbHsDGD3wt9ZuAinyXEUU,meteoradbc,1790334510,0.00005385,,53855.91,53855.91,0,0,0,4522.48,0,0,0,0,0,0,73,110,,,,153,0,0,0,1,,1790387237,0,0,0,0,0,0,61,86,
1790387171,5oA7EoAHoRBS1MaJ3DS2dt1SndYu2TWqn5F7Jingpump,FOMOMAN,Buqq1wgjpNN4T4uji2iZNT2L2wrEwZuksAVCi8ij6ZAc,pumpfun,1790334446,0.00004906,,49067.31,49067.31,0,0,0,10151.33,0,0,0,0,0,0,6,0,,,,1365,0,0,0,1,,1790387237,0,0,0,0,0,0,6,0,
1790387170,2VeuwcJYtu9P1g27a1UahFsJmVZRBWfBvLJcuzvApump,GOCAT,7ExZPpQWWXBuf92bVGGser6S1ANE28po75rwwZ1TnG4g,pumpswap,1790341511,0.000002409,2509.58,2354,2354,0,0,0,381711.77,0,0,0,0,0,0,7076,6436,,,,-96.64,0,1,2,1,,1790387237,0,0,0,0,0,0,5763,5728,100.0
1790387170,2pawBaYZZkirQMSFRUDR5xkovFJVUfuM31Jort35pump,APE,5NdWUf177soALxYwEEYRPP8YVWjHzf6Xw8XFJePN8b1J,pumpswap,1790344666,0.000002446,2438.28,2333,2333,0,0,0.69,20905.89,0,0,0,0,0,1,184,263,,,1.43,-95.04,0,0,1,1,,1790387237,0,0,0,0,0,1,136,217,100.0
1790387175,H6XgEH1wxmE9urKgCFCm4W6ssY99moATFtsbpUmoh9MD,PB,r1ATQGDRe3jCNGDsuiqbRgFWRQLWUtkw3bnkQSuxRE7,raydium,1790342583,0.000004150,6290.4,4151,4151,35.76,205.49,2448.18,389816.22,0,1,0,11,20,72,3751,3288,-3.22,-14.36,-43.23,-90.72,0,1,1,1,CPMM,1790387237,1,0,11,0,64,16,1461,1469,
1790387171,6BZY2BgeqVKEYCTgU9Q9oUwx6bDqv32djy6WGaXTci1i,WODL,Bgu3DH5p46JU3Jp67vkzLA9dbhBNcq1L9wUSyqmH3vC7,raydium,1790340601,0.0003587,57514.9,358786,358786,0,21147.98,128696.08,1273103.18,0,0,78,44,452,335,3951,3470,,-26.96,-48.65,607,0,1,1,1,CPMM,1790387237,0,8,26,58,192,198,1203,1603,100.0
1790387175,gMHLd212gNGQNiAG5BCkJJKhFv3RvL2dRFFWFruehaJ,Pizzly,BiJQZMD8QMa62P5EJu71b6nMjWtE23LZxYQcyXFi6FN2,meteoradbc,1790343971,0.00003838,,38387.38,38387.38,0,0,0,3691.45,0,0,0,0,0,0,107,112,,,,134,0,0,0,1,,1790387237,0,0,0,0,0,0,90,78,100.0
1790387171,5Ckp4APcw7DdYsagnXgNBfsMNvuzaVRH8rsbBT2mw1zm,NFL,G7fA6mkcFq16KYfiLeFwpQefzbecZ7mhq1aQq9hq77f7,pumpswap,1790343968,0.000002162,2174.34,2151,2151,0,0,0,78623.05,0,0,0,0,0,0,10313,9897,,,,-95.65,0,0,0,1,,1790387237,0,0,0,0,0,0,360,2348,100.0
1790387175,s8pc6Thv8U4g9yPwmkGj5TTGLuHGvDRr6wPcF91pump,Pizzly,3XLHXdzPrSJn5MebQfKEeqb1vtMbpv1qEAXRnwLoZddM,pumpswap,1790344227,0.000002579,2593.76,2502,2502,0,0,16.51,138242.19,0,0,0,0,2,5,1166,1379,,,0.57,-94.72,0,0,1,1,,1790387237,0,0,0,0,3,5,600,601,100.0
1790387170,2JyZvV9dRBkSBdeh8moXTkgmiksdGAzeAsU9s79Vpump,APE,2MNFdYk6kPKTsGP2xxR727NkmeutcXXiG12suvRAJmgo,pumpswap,1790344255,0.000002408,2535.9,2329,2329,0,0,1.28,623418.62,0,0,0,0,0,3,3073,2856,,,-0.46,-95.12,0,0,1,1,,1790387237,0,0,0,0,0,3,1620,1535,100.0
1790387174,G1SDZGjmMUz6CHa64GAZtx9iam5FCRCk5XndD3W8pump,Claude,GuZ7XSwSWC1MMqGvSiae5SwbLXSJnCvk6NZYyYTUTN5B,pumpswap,1790343639,0.000002175,2192.5,2166,2166,0,0,0,129661.04,0,0,0,0,0,0,7318,9284,,,,-95.63,0,0,0,1,,1790387237,0,0,0,0,0,0,598,2576,100.0
1790387175,JA4ojpx2pDWHfNy6cq63ipvkNy15LP3mfpPHxQKhpump,Harvard,9S3phoaqcEVJRAQEHWCyK7YipGkVDsMTnqqfFbDJBuHR,pumpswap,1790343811,0.000002155,2170.05,2149,2149,0,0,0,75700.34,0,0,0,0,0,0,1821,4269,,,,-95.66,0,0,0,1,,1790387237,0,0,0,0,0,0,1641,2938,100.0
1790387171,5RUrbAftnTBptroKfpiJKyGF5v7aGsX9zYzNjSXjpump,Ecat,9mCj2UKnVdZ5XQS2ggxaSQKRBquVhC1Gbd45FEUz1qzB,pumpswap,1790352592,0.000004613,4165.42,4440,4440,0,92.62,1084.19,97289.42,0,0,0,10,25,63,1397,1279,,-5.56,1.14,-90.74,0,1,1,1,,1790387224,0,1,0,9,24,62,655,762,100.0
1790387171,7Da5hXJsQgmPsmFyRRmXrVKJUyNh5i79sqDFLUak6v8n,Income,8kGyw2YvPe1MTKBzT86pAyfsQ2WdA92qDPsAT85GQxse,pumpswap,1790350616,0.000005275,5162.41,5015,5015,0,382.88,3871.93,269235.91,0,0,1,5,21,71,3243,2619,,-1.29,-40.25,-92.59,0,0,1,1,,1790387224,,,,,,,,,100.0
1790387172,9TGwprRVvsXw3PFpm7XhpDbL5if71xute4XaHSwVi7c9,HEDGE,2Ff49RGcxeNX15oEoJCRYZqYZFYtBtsJRto34m6rEobP,meteora,1790351579,0.00008256,100.02,82565,82565,0,0,0,2001.56,0,0,0,0,0,0,142,154,,,,-5.49,0,1,1,1,DLMM,1790387237,0,0,0,0,0,0,87,46,
1790387173,C3w6C6T4W72oDQVnjjvQrkSafLQV3DpMhWRYSpd91Ewc,GOCOIN,5owGNBjcY2u2yNnKNsyvMGTuWoT3kBpWvquMHCm5zVqy,raydium,1790281649,0.00001070,9413.29,9396,9396,9.36,204.92,2423.19,26690.92,0,1,0,3,17,29,184,183,-0.41,-8.28,-25.5,-9.21,10,1,1,1,CPMM,1790387237,0,1,0,3,13,28,99,125,99.9899999999419
1790387171,3bdsNrvFyD7jxbLLriPZrFS6ngaRoFfr5Y1soGfUGTFy,Anon,BUryJ47dwiDHQEz9VrKuEWCDbGX7ZZFDp9fYAfD6CiWT,raydium,1790351076,0.000002451,4593.99,2452,2452,1.72,4.53,12.07,135274.41,0,1,0,2,0,11,1391,1350,-0.13,-0.8,-1.75,-94.88,0,0,0,1,CPMM,1790387237,0,1,0,2,0,9,734,840,99.9999999726578
1790387171,3xfsfopm2xR89PFbsGGBhT1BfJqrbcoN8Mpxcp1jpump,OnlyPump,8Eq2jxtFcVxE5TRhWi8koKUV7AjAKud1pcBUywsJy9M2,pumpswap,1790357391,0.000002429,2643.84,2390,2390,0,0,1.62,935808.92,0,0,0,0,1,3,17940,12060,,,0.25,-97.22,30,1,1,1,,1790387224,0,0,0,0,1,60,6873,6841,100.0
1790387172,9XfSJK2VPRmYuBCPbcpJiw7svNPEFrzGAeHDbUz7pump,Terrence,BsEJv51uA1osRFvQpNHWL1SEeLaKsGLBabGQYW5xG7bL,pumpfun,1790172398,0.00001952,,19525.12,19525.12,3.6,324.67,2826.11,30655.22,1,0,16,18,62,54,423,289,0.28,-0.91,-1.4,90.49,0,0,3,1,,1790387224,1,0,10,7,34,30,218,164,100.0
1790387175,GqUi4QApDfK8LvVAHvUwKpRQ5CMZqFuE7mht9cGLnviK,GENIE,EVCspdPjAjfrNBbi21ozJbHue93w812knFbCVZ8mX2c8,raydium,1790227400,0.00008696,20784.64,86964,86964,0,43.73,4376.72,31407.15,0,0,1,1,49,27,267,191,,-1.03,-5.94,36.08,0,1,0,1,CPMM,1790387224,0,0,1,1,24,19,120,116,
1790387171,6eLWCTf9vd2FbdrTiAb9npTMd7VEtsjtTsmVJdPuKCot,DEEPDIVE,7bJBediHnZoaCVKxCZEwkLkCbweny2Nkm5TLSNU5LZda,raydium,1790355452,0.00007482,25237.55,74828,74828,0,4878.98,13583.81,42576.55,0,0,26,11,94,52,275,232,,25.12,64.09,48.92,30,1,2,1,CPMM,1790387224,0,1,10,17,47,60,121,170,99.9999999916116
1790387172,7tPks6AbTE2Kz4KkxxVYN9sBETMtzSL5Kqj2jbrXpump,OnlyJeans,CWsbPMbpURCwcHsexnhF65m38mkmWksmpMsrXoe9TCEe,pumpswap,1790356123,0.000002509,2813.29,2467,2467,0,0,65449.23,1441301.97,0,0,0,0,1221,2942,25306,17799,,,-99.27,-97.08,50,1,1,1,,1790387224,0,0,0,0,740,2304,4648,4621,100.0
1790387174,EHQeg6foBFzAi7o5suLQHevpf4uyWzR8Ppi3hfeqxGwQ,NOLAN,6b6NtM9DTwRfaAfdwLJick4xNwA7jkbgGTdSvunFTrZ9,pumpfun,1790355133,0.00001525,,15250.67,15250.67,391.23,2304.52,17148.75,67573.38,3,3,21,23,235,162,789,542,-8.08,-22.81,-26.85,315,0,2,1,1,,1790387224,2,3,12,21,116,101,385,317,100.0
1790387175,TXtWMznUZ4SqBp6YhED13ikG3ASesV5Kyz6FcfTpump,7,DQe3c3WnStCFssJ8GeDSzsNLmFgCxk9qA4PRAyfHV2nK,pumpswap,1790358289,0.000002976,2947.96,2867,2867,0,2.02,633.02,151731.38,0,0,0,2,4,45,1901,1792,,-0.36,-25.97,-94.02,0,0,0,1,,1790387224,0,0,0,2,2,38,868,936,100.0
1790387171,3qGGsQNgdRPo2Q2BDsCfwCRDF88ZvbLmdPKVbZ7qpump,DISNEY,6gDVfZe2UxP4Za7DGdRp4q31m7uXXt2T9eSakjPCJzDh,pumpswap,1790358076,0.000002015,2061.29,2016,2016,0,0,0,313619.75,0,0,0,0,0,0,16023,15480,,,,-95.98,0,0,0,1,,1790387224,0,0,0,0,0,0,3177,3181,100.0
1790387172,9wuK5WMLy2d2yma4hvJRxNBfq6WGv2noaXXReSbSpump,fomo,H9FZNyUgQg6xHHmTUMFK9J8LAVwipEoBhPuLcjrQLvJc,pumpswap,1790357927,0.000002217,2242.44,2207,2207,0,0,50.79,292026.58,0,0,0,0,0,1,12275,12436,,,-2.17,-95.58,0,0,0,1,,1790387224,0,0,0,0,0,1,490,2179,100.0
1790387175,cbLTC4T5NpzSUtQ7ekgEMZGaUPVJY1ko6BUikqa4gGf,cbLTC,3LyFfmy4a3k6eZ4jGgATtb6DL5Af9gnFTYQQ3Qd9N4AK,raydium,1790357665,72.74,387736.54,327360,327360,2.33,7842.64,551904.41,4131613.4,0,1,46,82,4116,4332,20082,22273,,-0.01,-0.06,-6.22,0,0,0,1,CLMM,1790387224,0,2,30,69,1483,1704,5307,5515,0.0
1790387173,Adzxf48PWV4j3PNnnbzgy9zQQWiMBFqmdT2c6jJbpump,fomo coin,qzxjktoxvc81rEL8PLo4gy1bwe1gFJPpDfKTyAozvrg,pumpswap,1790357899,0.000002190,2213.69,2191,2191,0,0,0,214255.44,0,0,0,0,0,0,15347,16981,,,,-95.64,0,0,0,1,,1790387224,0,0,0,0,0,0,600,2586,100.0
1790387172,7rJkTjAwt1odXZ8nrSnrr1iYEaMHtepNrmyRg5NJpump,SWARM,ECZ5a2rYvfrWUHR6qbNv3NV8Tk584WwEvaNJu3FZtWyn,pumpswap,1790357397,0.000002192,2216.68,2186,2186,0,0,0,199723.79,0,0,0,0,0,0,17015,16696,,,,-95.63,0,0,0,1,,1790387224,0,0,0,0,0,0,2452,2462,100.0
1790387173,AzwaixEgjszRfsM8mdjbvR6mAh9kJHrAYRkSJNfmpump,PUMPCAT,J94vh4ynv3FP6dfUQSFxXuhmPGHKk2jiSou7XFgTwCKC,pumpswap,1790357811,0.000002479,2682.27,2445,2445,0,0,98.26,979117.78,0,0,0,0,1,3,12751,8123,,,-4.85,-97.16,30,1,2,1,,1790387224,0,0,0,0,2,3,5598,5599,100.0
1790387174,FU5nq9if5tredi4sLSyX2sumwytrz3Xt4BFTa6Q5pump,FLOW,86iyfDVYnE1oPxJ2g37w1LCuFoE7DTo88FyJDZMAa36h,pumpswap,1790359951,0.000004091,3879.36,3905,3905,51.44,100.29,1256.91,384724.72,0,1,0,6,17,72,4117,3512,-1.73,-4.81,-36.38,-91.65,0,1,1,1,,1790387224,0,1,0,5,9,61,1768,1704,100.0
1790387172,9N9tAT19ncQvxtjpQNevrGP3zmWRNrAZZtonTygMpump,ETCH,55qFD26HZ8QT6RxBtnwRWmXKEbX24tmeuJkkiaWJusts,pumpswap,1790359277,0.00001231,9034.09,10735,10735,0,3347.97,195590.6,1417150.5,0,0,50,98,2161,1905,14453,11495,,-20.9,-84.49,-74.85,0,1,1,1,,1790387224,0,4,37,78,843,1020,5008,4559,
1790387170,2EuNVtEvLUZbfwZTaDyyvye1hR47A5a6aUQwPXbQpump,GoWifHat,3Dktt4cwDbao6VVqqT5JBG7twPJarcX2374qwmPdpMJT,pumpfun,1790358662,0.00004964,,49646.65,49646.65,0,0,0,10271.19,0,0,0,0,0,0,6,0,,,,1360,0,1,1,1,,1790387224,0,0,0,0,0,0,5,0,
1790387174,GLiphm9DxdyCDy8fjgP2B1B3R46puVUA6rfKUaYtNVb3,LESTER,DoZH9kPTvdw9cYFHsQK1MF6gyxHSKsuoxATxKJAvUsSc,raydium,1790357822,0.000008525,8905.53,8526,8526,1.45,1275.65,31553.72,1344098.51,1,1,20,13,473,333,8912,6833,0.04,-19.76,-77.26,-80.55,0,0,0,1,CPMM,1790387224,1,1,14,16,263,221,2427,2705,
1790387173,BTjQvwhLXGaAqZmXwpyNEYRXTzaKxqDNZn5b7bNmr7T3,MuseMaxAI,C6mmpqKHaFNcmBMtBaSntvn5BBRwvsKfbekxbgLFCqAo,pumpswap,1790360352,0.000002163,2176.18,2150,2150,0,0,6.65,59044.42,0,0,0,0,2,1,3546,4117,,,-28.95,-95.75,0,0,0,1,,1790387224,0,0,0,0,2,1,164,1534,100.0
1790387175,HnBt2rSmfVs83hcbJTzBW9Pjo6DHWjukQbyo6doHs2U6,ROBIN,CGFSxtzv1P3shgw3ksSSh6Qz4fnQqH5f3AKjCnkJrfDZ,meteoradbc,1790360395,0.00006077,,60771.62,60771.62,0,0,0,8979.97,0,0,0,0,0,0,349,350,,,,34.91,0,0,0,1,,1790387224,0,0,0,0,0,0,179,166,
1790387174,FzVLxoL3T2GQELH4fGDfgpvJw3ouyk8NUoPnvk81pump,rocky,CZ9J4qx349F7ocu6NgAwTakkz21tuh2g3oBAT31wJxA2,pumpswap,1790367019,0.000003318,3242.43,3088,3088,0,91.79,249481.44,249481.44,0,0,0,6,3445,2955,3445,2955,,-6.9,-93.06,-93.06,0,1,1,1,,1790387224,0,0,0,4,1420,1476,1420,1476,100.0
1790387171,79xB7iLghccAWuoab7qXkaDpQggmu6D2zrpKtfXipump,Apu,9qqraQhckPw2ZCwxyD2GjVmbG2pwJBFZGyN31pJwCjEn,pumpswap,1790366852,0.000003973,3996.42,3945,3945,0,114.97,692358.31,692358.31,0,0,1,6,3350,2638,3350,2638,,-9.09,-93.74,-93.74,0,1,1,1,,1790387224,,,,,,,,,100.0
1790387173,B3ZJ2BzcMxCwz97vL2MWVBtkyhAj5rBdSqTZC8idpump,Orvix,Ccs7eUFnWpYfuMSxegbzjfNxB1uxoXfCzoY8zCfs8yiU,pumpswap,1790367797,0.000002407,2438.78,2318,2318,0,0,115965.15,115965.15,0,0,0,0,1483,1702,1483,1702,,,-95.21,-95.21,0,1,1,1,,1790387224,0,0,0,0,451,493,451,493,100.0
1790387175,Hv5r1v7d4yTbQMwokrhs2zAMWvebVdzE33vqft8gUXob,Cassie,2ZLs6aCCaKxFskpPP6X8vevaQaLtBHJPbVTG87eteJWV,pumpswap,1790366321,0.000002804,2809.23,2701,2701,0,1.12,172454.64,172454.64,0,0,0,2,2433,2171,2433,2171,,0.2,-94.42,-94.42,0,2,1,1,,1790387224,0,0,0,2,949,1037,949,1037,100.0
1790387174,FDfxBRSc3MraBGcGmkHgfkvwHTUDMEA2hRV2cRNbpeg,UNPEG,DE2UDrSarFRGYUe8PtjCkbSwDqTZDLGLJMCxwmxEZ8RK,meteoradbc,1790364006,0.00005110,,51105.09,51105.09,0,0,0,39863.52,0,0,0,0,0,0,241,204,,,,1283,0,1,1,1,,1790387224,0,0,0,0,0,0,158,71,
1790387174,FbvPc772EQ8j2rxNTW4jxC9NSsZDYjTtcVRMqFPqpump,MILK,EznYhmU9tmrkc89x9vXAYWpntn5Y7NdP85cRa989LTsz,pumpswap,1790367215,0.000002673,2660.16,2469,2469,0,0,105158.19,105158.19,0,0,0,0,1195,1265,1195,1265,,,-94.65,-94.65,0,1,1,1,,1790387224,0,0,0,0,689,773,689,773,100.0
1790387172,A7cWE5f8UKBEKZdQEtRuraC4vgKkHYuRUdVDSAndDDM,GIGACAT,2xgcbPzXN2ung74sd8ACWF4NCCGQijTFoH5acd1DsTx1,meteoradbc,1790367485,0.00004762,,47621.23,47621.23,0,0,16090.67,16090.67,0,0,0,0,417,458,417,458,,,185,185,0,0,0,1,,1790387224,0,0,0,0,111,111,111,111,
1790387173,DTswoWf3H8UVvmFyFtw4J4qk5bxLq2XUN4SAeh3pj8mx,WORLD,6Cu8TVBoLSeVjCecepr3rVY6htBxVpPEbFWb6WY6fdUs,meteoradbc,1790367351,0.00002751,,27518.05,27518.05,0,0,2982.37,2982.37,0,0,0,0,34,141,34,141,,,73.19,73.19,0,0,0,1,,1790387224,0,0,0,0,32,91,32,91,
1790387172,7kUu9AwY1oxYVC8M1ZSy2KAcr8y7eEC2rHQoGvXKDqqA,GIGACAT,4y5HdYYrcfi4RgJFfbZ3zP6mMPhF4JmtLYPrw2PAAVn,meteoradbc,1790367345,0.00004812,,48121.98,48121.98,0,0,12317.51,12317.51,0,0,0,0,265,336,265,336,,,188,188,0,0,0,1,,1790387224,0,0,0,0,101,105,101,105,
1790387174,FRTWE2Px9v15fH7P941Ey3Ey16Y9uFHMC3njRVFRpump,GOCAT,8Hp9uyHvGx8t8BamL6aFDieHMmqVULEBbiemC76regkV,pumpswap,1790368087,0.000002509,2738.97,2449,2449,0,10.49,919339.2,919339.2,0,0,2,2,27791,9787,27791,9787,,0.61,-96.29,-96.29,0,1,2,1,,1790387212,0,0,2,2,6646,6609,6646,6609,100.0
1790387173,ALqy1h4kYr5Z44sQ2BXQVJcGQxb72GPp58JK3bBQpump,Vox,utVdiiBJyogmQR5PLnNG2ujzniiUb1dDjkrH15SLb9R,pumpswap,1790368301,0.000002570,2562.34,2447,2447,0,0,84592.03,84592.03,0,0,0,0,432,469,432,469,,,-94.94,-94.94,0,1,1,1,,1790387212,0,0,0,0,270,320,270,320,100.0
1790387175,Gh6k5FNVRFk1eNUNhwLHbwf7854ioY16yZs9izUppump,COLONY,HarXwdY6AFpaAvfYsAk7zs9SYu4G9YkXYgFBJPYkYK4Z,pumpswap,1790368207,0.000005554,4842.69,5182,5182,34.4,1336.09,298044.22,298044.22,1,0,32,24,3390,2958,3390,2958,1.12,-32.02,-88.95,-88.95,0,1,1,1,,1790387212,2,0,23,21,1276,1297,1276,1297,
1790387173,D3NEdubh9ma4qXyhrA8LenGjNVnFkkeBEopr1Vunpump,GUYLI,CJaAtUiLMYgm79N9wtqGG4JNvEaByckgG4AErZdMNuUy,pumpswap,1790360566,0.00001269,8296.52,12160,12160,0,1387.36,18358.85,50966.66,0,0,19,18,259,202,695,599,,-4.09,21.54,-73.82,0,0,2,1,,1790387212,0,0,14,13,118,105,291,311,100.0
1790387172,9NPmnDgL39NmoivaE1XfiFWm7o61repcfkVyvyv9pump,merci,2RyKJCowXHSxxuSjAwVtKHgABaSDM5shyBgjKPnZU2YB,pumpswap,1790367949,0.00002221,12862.19,21424,21424,859.92,22205.05,1715181.34,1715181.34,17,9,249,242,14791,12038,14791,12038,-10.25,-57.88,-54.97,-54.97,30,1,1,1,,1790387212,2,2,131,158,4648,4205,4648,4205,100.0
1790387174,EGRv76STtVdNNwKdyMkQLQquYggcMuToXy92qS9pump,GHOSTGUY,EcPhfKmJkQ7GTbtvcrnbuEwN331f9aAhoxyts6HhUCgt,pumpswap,1790369282,0.00001446,9465.93,13882,13882,0,2718.85,691644.21,691644.21,0,0,34,71,20838,30206,20838,30206,,-28.64,-71.29,-71.29,100,0,1,1,,1790387212,1,0,15,55,2856,2304,2856,2304,100.0
1790387173,AC4HmdwEBYZu55p971hUM28tjVq11YJkMhpuQK3yJ1Ee,GIGACAT,2QumEAx9keouRuwmYsWzzYUhUJ25RQBeZGZrBJp7Drji,meteoradbc,1790368379,0.00004833,,48334.22,48334.22,0,0,12559.09,12559.09,0,0,0,0,275,345,275,345,,,187,187,0,0,0,1,,1790387212,0,0,0,0,99,111,99,111,
1790387173,CgswQRFy2CY52Er4jFz6yVt2QSRBjLm789NBZ29sJvpo,USDT.z,HJdmAMfeBJ8XP1Ngnm1fNz744Af4qxe4C1dLzvEg9XeY,raydium,1790245979,1.049,233421307.86,178483471843,178483471843,0,0,0,4010.42,0,0,0,0,0,0,100,102,,,,,0,0,0,1,CLMM,1790387212,0,0,0,0,0,0,1,3,0.0
1790387171,7NKejqGFjpr63b4EdkhrDnc2XjbBTBrxkCE51SGhpump,Chrismas,AAawDn285TJuG93b2CRShFEXEthT6FtHddD2LCQ93KDf,pumpswap,1790368359,0.000002017,2100.35,2010,2010,0,0,378402.43,378402.43,0,0,0,0,13801,13490,13801,13490,,,-96.03,-96.03,0,0,0,1,,1790387212,0,0,0,0,2550,2617,2550,2617,100.0
1790387174,FF6t1UqgUXufL7FRgsnRk21fxQcRgVsUx7axMHXvDXLz,PATCH,AFBA87aTPLTBZxu6gM37H6p27J5PCM9iFVSqoEFCwYKN,pumpswap,1790373214,0.000006568,5559.58,6382,6382,58.19,637.38,430414.51,430414.51,0,2,12,32,4650,3816,4650,3816,-3.07,-18.67,-86.79,-86.79,0,1,1,1,,1790387212,0,2,10,30,1835,1778,1835,1778,100.0
1790387170,2gewoLMdSaSL1kDKBbRU2PvXfqetd7XYy6J5CZdgpump,muses,GyCsDE9Cy6t4LLUpLeTujJrQF46tD4zvPHNMiPwdv9jC,pumpswap,1790370754,0.000003714,3683.66,3534,3534,0,52.89,163439.24,163439.24,0,0,1,4,1655,1389,1655,1389,,,-93.42,-93.42,0,1,1,1,,1790387212,1,0,1,4,1038,973,1038,973,100.0
1790387171,4z74i8Jo5zTWkFyyrx5zuusLasgKu6JtREVKgKVSpump,JEANTRUMP,44obhZbyu91musQgph9NkxrugqBcULP3rWK2SD4uXgGz,pumpswap,1790372149,0.000002786,2878.22,2701,2701,0,23.78,470710.83,470710.83,0,0,2,4,7791,4951,7791,4951,,0.13,-94.4,-94.4,100,0,1,1,,1790387212,0,0,2,4,4523,2465,4523,2465,100.0
1790387173,DmQDfFpbKHna4MgtsZgBQYmyMSNJjvLAj6XjduqRpump,TRUMP,3jHUJmG2HfFfqrj5fezKBVNErnBs1Uq2rgz9g5qFCvCB,pumpswap,1790370067,0.000002946,3344.07,2906,2906,2.86,3.58,2166060.71,2166060.71,1,0,2,0,27130,14259,27130,14259,0.41,1.39,-96.65,-96.65,30,1,2,1,,1790387212,1,0,2,0,8119,8075,8119,8075,100.0
1790387173,DQGcxnYnMLnaCeMmJU6Sq4AmsVCjcunyZaA6PzMDfomo,.FOMO,CzxK9JSBj5yDC4P3xxfvWoceURJAuYQnSvjcxkihtefE,pumpswap,1790370441,0.000002936,2889.59,2739,2739,27.07,27.07,224752.26,224752.26,0,1,0,1,2334,1826,2334,1826,-1.22,-1.22,-94.19,-94.19,0,1,1,1,,1790387212,0,1,0,1,1023,1047,1023,1047,100.0
1790387173,DWGmxk7R9QswdzdfwWiPqn38gWL952QYL6Twk7AZpump,Pokedrop,21Cj8C9f6EKxdBUQK6EuCVQecnqcctYFqEYbg1qSBA9F,pumpfun,1790368776,0.000005013,,5013.35,5013.35,12.25,28.84,60002.9,60002.9,0,1,0,2,519,472,519,472,-0.85,-4.42,-2.13,-2.13,0,1,1,1,,1790387212,,,,,,,,,100.0
1790387174,FaWBF7djnFysJVHptwUAHLN7ZqM1BUis3QMnbsM1pump,PHISH,7WCdC6XnUajKQe1UBQ7LFGmn1P2HmBGLeQJ8q72mzsnY,pumpswap,1790369298,0.00002393,13724.66,23300,23300,60.3,15027.05,825477.19,825477.19,6,5,151,143,8487,5667,8487,5667,-0.45,-56.44,-58.66,-58.66,0,1,1,1,,1790387212,3,1,94,121,1537,1562,1537,1562,100.0
1790387171,6e5Jwy4Gai8FHXLJ8FT8mEQ6qsQhAp5zwLsXje2Fpump,SSTONKS,4hwCQqVnkuxsAk44Gz5fwgGmpZzypXWAVZ4BE7srSmvP,pumpfun,1790369226,0.00005033,,50332.82,50332.82,0,0,10413.15,10413.15,0,0,0,0,7,0,7,0,,,1360,1360,0,1,1,1,,1790387212,0,0,0,0,7,0,7,0,
1790387170,12V1bCbgyt36opKRToPSaBkrXE9sSc96K9cNcAonpump,$PLAY,2Y6oKhyVTGZqB8DCzUkXvzPxHtzAyotoJuAyEbBCyAuj,pumpswap,1790364859,0.000003581,3858.18,3448,3448,0,4.11,3528378.62,3679982.61,0,0,1,8,32213,6265,34403,7148,,0.1,-97.66,-92.92,10,0,1,1,,1790387212,0,0,1,9,2534,2423,2671,2559,
1790387175,v82dUYzPdhBmSKJx1cyd3FWtJ3eU4aHbyxYAmmRSTNK,SI,28nsc8weq8yeYbr5VrvMoQFkUHnhMtKmdZbZ8Y8Z4WYk,raydium,1790230018,0.00001234,10247.82,12339,12339,0,136.33,14716.55,21161.84,0,0,1,3,129,92,188,160,,-5.03,121,42.92,0,0,1,1,CPMM,1790387212,0,1,1,4,72,62,104,114,100.0
1790387172,9nqv2tpX9nsHX1rWZf4zPkDWuh4HBFVzf9fXUPj13Crt,e/acc,BShzZzN4PFNpqQLkkCxsARw8tk6vHQzYhoXYNnrzTyH3,meteoradbc,1790370952,0.00004845,,48459.61,48459.61,0,0,12890.23,12890.23,0,0,0,0,522,617,522,617,,,206,206,0,0,0,1,,1790387212,0,0,0,0,192,183,192,183,
1790387173,CbcyNo7m1amFWqEQm2m4PLv1UNvpcL3C1Ujm6AkzpKoU,e/acc,4JAnKFddd5fFTk5PxDj3PpTWJuTEfSWQEjZJcgKQ9KwW,pumpswap,1790370915,0.006504,301250.55,6396448,6396448,223676.72,7558153.58,15750754.24,15750754.24,614,521,19637,17898,69972,57304,69972,57304,9.88,225,13148,13148,0,1,1,1,,1790387212,78,58,5969,5369,16340,13682,16340,13682,100.0
1790387173,DFx7Rww2Njg4P4Bv3SUHaN5pkFbB4zR23nGthjSBpump,PAPOI,475tov4a5SxcmU97GX9ZKmHoXKKfLxk4tPd1zkcHN1R1,pumpswap,1790369829,0.00001365,9009.08,13004,13004,297.52,7830.42,600038.11,600038.11,2,7,109,128,8367,6355,8367,6355,-7.95,-36.94,-73.09,-73.09,0,0,2,1,,1790387212,0,1,48,75,2918,2709,2918,2709,
1790387172,98CVfKawsiAbnTFLNbLkkeasBvmWfVMobcjCMED1pump,ASTR,5RmScKWCkaXr4pmMSfagJobw7qVoyFDWsM6WrbSWM2eX,pumpswap,1790372581,0.000003041,2981.79,2752,2752,0,4.69,81732.76,81732.76,0,0,0,1,743,867,743,867,,-0.02,-93.94,-93.94,0,1,1,1,,1790387212,0,0,0,1,529,578,529,578,100.0
1790387170,26JCsJvgj7Yp59cgLzP5p4194S18JgfYN6k5KYTypump,Agents,9zaSYCU817bHttLuojexoeYfVfsgrayA2zcsgvHtzFpS,pumpswap,1790372336,0.000006049,5172.8,5850,5850,6.16,188.41,251092,251092,0,2,5,7,2780,1991,2780,1991,-0.45,4.97,-87.67,-87.67,0,1,1,1,,1790387212,0,2,5,7,1049,1046,1049,1046,100.0
1790387171,61oRmYaEgdUS2PvLsL1Z8bJz43XLq6zSKrsPbRHFpump,VENOM,CWBp2HsBPsEcUF5BVsjRQb5EaDrBnLkoAW6vyN2xyHKP,pumpfun,1790372634,0.00002431,,24317.42,24317.42,0,0,2170.93,2170.93,0,0,0,0,30,14,30,14,,,602,602,0,0,0,1,,1790387212,0,0,0,0,4,4,4,4,100.0
1790387173,DN8mayGGf5VWoNF1Fp5bBT9Pm8HmkrP1AYkJU8Xepump,WOJAK,EHKMNiHWiHU8R25jtYt1z4V4xQv46ierRg95sZwPiVzV,pumpswap,1790372446,0.000002178,2199.72,2165,2165,0,0,124527.97,124527.97,0,0,0,0,5240,6743,5240,6743,,,-95.67,-95.67,0,0,0,1,,1790387212,0,0,0,0,2143,2612,2143,2612,100.0
1790387173,CtFc55to2syfMCnihwB2yW7p8DGDz6UCNYdBJkMtpump,CATECOIN,5Rwh3DN6ap9bTud64SPG2CzRu6aaM5Kr8tQRoUsedxg1,pumpswap,1790373758,0.000002428,2481.19,2351,2351,0,0,204212.16,204212.16,0,0,0,1,2350,2247,2350,2247,,-0.35,-95.12,-95.12,0,1,1,1,,1790387200,0,0,0,1,610,580,610,580,
1790387173,Aamxs1dJieNfP45XubXLVpijQma1nZBj7h33yNb6eon,EON,8J2rxEkMLWs3ydMK4iLytBBopx346ZegMab49K2W5bQV,raydium,1790372272,0.00002618,17650.98,26181,26181,0,357.83,125133.01,125133.01,0,0,4,14,521,547,521,547,,-0.12,-35.34,-35.34,0,2,2,1,CPMM,1790387200,0,0,4,12,281,256,281,256,100.0
1790387173,BArKYT7FAEmgvmrGSczAPeyiY5RAbdZgzj2GX7HyR5vw,GIFT,Dtb73EpG1G1Zo83oqtHNBbMW62b8nGLZvmPfZHXUTrAX,raydium,1790373518,0.000002764,5158.14,2765,2765,0,390.92,418040.54,418040.54,0,0,1,17,2359,2362,2359,2362,,-6.91,-94.36,-94.36,0,1,1,1,CPMM,1790387200,0,0,1,17,1088,1096,1088,1096,99.9999999975925
1790387175,JDeaoNo5thghzg6UZcKi6HFRmZJtmANZ5pC3MMwRBAGS,CHAINLINGS,3nHQ8GtozShWbi9W1afy8ohMN1t39hDjKKWrSjCVS1DR,bags,1790374588,0.00006819,,68199.09,68199.09,0,0,1.19,1.19,0,0,0,0,1,0,1,0,,,,,0,0,0,1,,1790387200,0,0,0,0,1,0,1,0,
1790387173,BQ1bHJKp3NVuTBMRhTKnqsneHvGK653Ue2LCbfxuDA3F,Pumpkin,Dpj6M6gzQ8wJ9BVBjtJkLoN3tW5yBfev6CmkAUmyy8ux,meteoradbc,1790374600,0.00006011,,60113.94,60113.94,0,0,14003.58,14003.58,0,0,0,0,709,732,709,732,,,287,287,0,0,0,1,,1790387212,0,0,0,0,205,200,205,200,
1790387171,6TvpgZ6XuDzWkxEN2SEecxcQpyUbjyuinPQoanfdkszj,Entry,7nLuivWDPLsbHYjcXMCFhbfcLazoySjzv4v6qExQHezd,meteoradbc,1790374478,0.00004760,,47601.79,47601.79,0,0,11348.49,11348.49,0,0,0,0,427,512,427,512,,,199,199,0,0,0,1,,1790387212,0,0,0,0,181,177,181,177,
1790387170,13vVSQALeSk5MLuFsGfg1ywDMsFjU1nYHYS6ZWYL7bsN,e/acc,9aTv1u5eJarFf13ceasWkdaAcqo3vNPkF5Ce4PhQJCQQ,pumpswap,1790372849,0.0002571,401184.25,257195,257195,603175.56,7518246.86,50730952.38,50730952.38,659,360,7541,4394,41503,28539,41503,28539,0.49,11.44,253,253,0,0,0,1,,1790387212,136,46,2800,49,5001,59,5001,59,0.000000000419631527757054
1790387172,9ZGnJ4erx7RzLKEdNoJjLjyYXkjgXnRcPYvvT3eJpump,TOM,E8mAoUH2BCCHBCvEJXK7JZj22FWbS8u6mXZ71dm1Xiwg,pumpswap,1790373900,0.000002195,2248.75,2190,2190,0,0,303140.09,303140.09,0,0,0,0,10601,10611,10601,10611,,,-95.64,-95.64,0,0,0,1,,1790387212,0,0,0,0,2495,2616,2495,2616,100.0
1790387175,bGpXrniA1kzqubTCCexxR4Zh4Hrx8eoYY1Sqtt3pump,SJP,GVndqmxuj9MPE8pBCzZxkkogEgt5zPSsjEFiZ8A8pVzx,pumpswap,1790374247,0.0002524,45847.79,248685,248685,7981.76,94589.29,636763.74,636763.74,172,63,1961,868,11235,4564,11235,4564,3.57,-24.82,215,215,100,1,1,1,,1790387200,31,13,1399,455,7046,1146,7046,1146,100.0
1790387173,BwsH78w3Ffxwcr5eg8eNg7MV5RBREnQL6Fs862ezxZQE,parafactual,J2vq2sA69sgqB6QfGPehyKVMihwu9GuyLjoLypqxz24L,meteoradbc,1790375939,0.00004473,,44734.95,44734.95,0,0,39698.56,39698.56,0,0,0,0,987,1167,987,1167,,,204,204,0,0,0,1,,1790387200,0,0,0,0,206,203,206,203,
1790387170,2H1YKsk4GhAw5np2ArFPJJSn5FYs55cmDunAfAF4h2bE,e/acc,3EhHfX7t1KsutV3K1AzU8xRLfpAHetrVyGgyB6fBH2Nz,meteoradbc,1790376237,0.00005051,,50517.95,50517.95,0,0,14116.41,14116.41,0,0,0,0,336,429,336,429,,,243,243,0,0,0,1,,1790387200,0,0,0,0,162,181,162,181,
1790387175,arpmqKuWcVQ4Q9M4LPLaMPmvP55NdnLxdjecSPfRgv6,Arena,5jkov4tz6JraFiUf7dzk49Td2yUWpFrq39LBj5wQtnSf,pumpswap,1790375454,0.00001234,8686.84,11997,11997,191.1,11277.87,922326.61,922326.61,5,1,144,169,10551,8542,10551,8542,-1.05,-44.7,-75.46,-75.46,0,1,1,1,,1790387200,5,2,79,130,3456,3205,3456,3205,100.0
1790387170,2nEW87xAabQBEgVvg9N989XDi6A1p8HfazStRmmSpump,MIAMI,FSMLpDpXTnnoa9PAd5NWcHu4k1gsqKVwzxt46o3ZLC93,pumpfun,1790375737,0.00005010,,50106.84,50106.84,0,0,10366.4,10366.4,0,0,0,0,7,0,7,0,,,1360,1360,0,0,0,1,,1790387200,0,0,0,0,7,0,7,0,
1790387172,7pax2o5X7aWSCYm3xfAeMvhB7aXdzdWzuA6yycuAoeoZ,MINT,3X4WMQ5AHGWJrydVjNjsPEEAZjGkcyxwstrEc698nt9Q,pumpswap,1790377046,0.00006991,23525.13,66827,66827,5596.07,118934.91,810591.41,810591.41,23,24,871,836,7364,6298,7364,6298,19.39,-63.47,41.39,41.39,50,1,1,1,,1790387200,1,1,383,471,2771,2639,2771,2639,100.0
1790387174,Erw6ZdK8pRpUWrvTo8maRLuDesHiqJgxnHxHLKjupump,STAN,ARf2wkJ2c3s7R4HVxHrVEMGWDuBuTFGETV8pXR9eN1yH,pumpswap,1790375697,0.000003943,4018.27,3791,3791,4.43,543.81,944199.14,944199.14,0,3,7,30,3959,4257,3959,4257,0.01,-24.93,-95.7,-95.7,100,1,1,1,,1790387200,0,3,7,31,2132,1580,2132,1580,100.0
1790387173,DCn6wwTDbEC6A5vEoTuKQsHZUaDrRFzBYCYj3nd2pump,UBI,D7Ziw3bMkqBDoLZ5KkDFTJttetjMtKdE7mZLg5tznJiE,pumpswap,1790376995,0.00004323,19613.23,41684,41684,524.55,20633.36,337639.95,337639.95,12,11,267,177,3919,2311,3919,2311,0.86,-44.52,-26.81,-26.81,0,1,1,1,,1790387200,,,,,,,,,100.0
1790387170,21eQoKn34u9iTBznWkbT746Fg8aGF4i3kg4fvyegpump,DLDO,HFc7MVGCSBgY6HQq8ms7ZiieJaUirvaZSRWzcCoXKnMD,pumpswap,1790378485,0.00002379,12222.46,22870,22870,185.4,9833.18,97282.51,97282.51,6,8,161,142,1593,1222,1593,1222,-2.6,-12.7,-51.86,-51.86,10,0,3,1,,1790387200,5,7,66,86,734,665,734,665,100.0
1790387173,AJzWtzVh77uQxK1aLPt4STMtFnHVQKNkNPRA4ebfpump,ASI,HrB4e9kA6LQ3B2QvjsMQrFgcfKSfPjUhQHL5dhv16Yxo,pumpswap,1790378108,0.000002506,2799.32,2473,2473,0,38556.71,1425815.74,1425815.74,0,0,652,1867,17828,10805,17828,10805,,-97.44,-97.07,-97.07,0,1,1,1,,1790387200,0,0,255,1629,4940,4902,4940,4902,100.0
1790387171,3mK2nkpohvxfXEhWeKETjoeFfhFKFVqm51Swu6miChPe,BLACKCAT,CWzcfUE2sqd2JrjmAZpKiKb4AZ6hB8gaavoDqyw2SPXa,raydium,1790378109,0.00002798,16266.49,27980,27980,1796.43,9651.75,695838.98,695838.98,13,2,86,103,5645,4882,5645,4882,62.7,-21.46,-44.51,-44.51,0,0,0,1,CPMM,1790387200,1,0,56,77,2003,1858,2003,1858,99.9999999729801
1790387171,3nQFwq7s6ipKMe5mvjxK1NoR9joR6eQsXMP6ajTdBAGS,BCAT,7q1NxpU2i9n4yfjZ3aNnco1aZgvLuScArAaHdHYEqAjq,bags,1790378161,0.00006840,,68406.3,68406.3,0,0,1.19,1.19,0,0,0,0,1,0,1,0,,,,,0,0,0,1,,1790387200,0,0,0,0,1,0,1,0,
1790387173,CjH9bC4JK3V3vxP8HddPEvjM1dYgrfj86Mn6xd2LBAGS,ZCAT,7thR46m85cYZkKEouc1wfEwMMXNLdqoQwxL83oGAMkxz,bags,1790378151,0.00006832,,68323.31,68323.31,0,11728.21,94835.95,94835.95,0,0,61,123,611,690,611,690,,-14.49,-0.1,-0.1,0,0,0,1,,1790387200,0,0,50,79,106,104,106,104,
1790387173,ASecaQw8dJF3QDfL8kmHkh1h4vnPsnfJejtbCMusXt4T,bCat,C6EMmtipZ3UbZeusJR2bp8ckukMiAVjK4dp1txVCkfLw,raydium,1790378088,0.000002385,4643.92,2386,2386,0,43.17,197889.26,197889.26,0,0,3,3,1045,1265,1045,1265,,-3.51,-95.17,-95.17,0,0,0,1,CPMM,1790387200,0,0,3,2,589,571,589,571,99.9999999730255
1790387174,GGRWi4ASFSAgNK61QiLHUboyyG3kUMAdhQLQZZropump,ALON,BtrL6SmrWxFwit1mc4Bs3YNDqnVzyDwZ1641kEni9EzW,pumpswap,1790379979,0.000005131,4702.05,3970,3970,0,22.86,32218.37,32218.37,0,0,0,3,225,360,225,360,,-2.99,-92.01,-92.01,0,0,1,1,,1790387200,,,,,,,,,100.0
1790387170,2eGwstcrSRY2TzRWwe5T58giqURuSdPxvLaHHhZtpump,MCAT,6eiejUk4XjkygFZr2ew2Stq7VJkGue52gTqz2iJAQH25,pumpswap,1790378771,0.000002596,2853.53,2553,2553,0,8.36,1107632.66,1107632.66,0,0,0,2,9816,7200,9816,7200,,-0.72,-97.06,-97.06,30,1,1,1,,1790387200,0,0,0,2,6206,6174,6206,6174,100.0
1790387171,3vYRNtJST8dq7PFz6iwvBANYaWXvgK6hFSFUfCx3kdn2,pute,66hbQuTjsyVAT3kErfvhg67hG8sup4abaS96JsrmrNuv,pumpswap,1790378383,0.000005383,4745.14,5108,5108,271.57,2033.6,279437.57,279437.57,4,1,40,48,3133,2927,3133,2927,-4.62,-12.89,-89.27,-89.27,0,1,1,1,,1790387200,2,1,24,44,1343,1326,1343,1326,100.0
1790387174,EJnzZ4fMCBWPDtoxGKkAkodEShDb8AZL218XdGpEW777,7,dQTqtkpbH2ThXor5B3gFMqQHgJGVXErkhWfsw8s2H3Z,meteoradbc,1790379825,0.00002020,,20206.89,20206.89,0,0,13418.3,13418.3,0,0,0,0,36,27,36,27,,,-19.21,-19.21,0,0,0,1,,1790387200,0,0,0,0,27,27,27,27,
1790387171,38PVVvm7C93rgF2YWtZoky2J7jWZpmCGkDisXfCqQ7VV,Holdoween,DVMQ9oHYSSm2fbJY9zM9HH9WUY7utoVj1NEtQGKW7KSX,pumpswap,1790379803,0.00005156,0,51563,51563,0,220620.7,692081.82,692081.82,0,0,633,565,3856,1891,3856,1891,,-9.2,165,165,0,0,0,1,,1790387200,0,0,31,31,1935,43,1935,43,0.000000000857040844543939
1790387173,DVbyFeAZCaLjg1SrjyF4M6nPj1B3MvVH4Ue8Gmwbpump,MuseXT,DCNfRPuiuRhs1rTRUmcH94yc1xx6XxeoQPnXveDxeCzB,pumpswap,1790379246,0.0003658,63977.17,360634,360634,14318.01,303448.37,2806562.29,2806562.29,65,74,1758,1436,18112,14043,18112,14043,8.61,-10.77,510,510,0,1,1,1,,1790387200,4,8,807,923,6431,5219,6431,5219,100.0
1790387172,9GwNw35K5LB9dTjEMM9BBSru9GscpaUNaaTCXZfcmy8,SpaceX,DBmosBcV3tJM61NC4JqfszPruZQU7o4aRu1cUmkknHgD,pumpswap,1790378324,0.000003035,475871.8,303547,303547,982976.09,11527105.52,28703315.71,28703315.71,640,578,7862,6735,23507,16837,23507,16837,0.23,17.49,129,129,0,0,0,1,,1790387200,49,49,288,52,5015,61,5015,61,0.0000000000310405333107518
1790387172,8JbRMGtCjanNYDWuMreoxwM7HUyrAAFSQoyHE4BnroLL,MORTY,BWHq8hqdmFcNz1pUGCSuteMPxkDaS4YGHiMA44n4VPS2,pumpswap,1790383366,0.000002984,2957.19,2858,2858,45.61,85757.76,116856.58,116856.58,0,9,825,834,1154,1074,1154,1074,-3.37,-94.84,-94.03,-94.03,0,2,1,1,,1790387187,0,2,630,545,753,599,753,599,100.0
1790387173,AQJ7hZRjtGLZ2H1pvPZCVxK1nKwtffLeeaUTzt7Kpump,E/ACC,EFc6GPHBdhNatkFoYYS8CpjDHy8GQD11N5S87H3pkPrp,pumpswap,1790371010,0.00009872,29046.6,84967,84967,18224.97,399215.2,1360844.7,1360844.7,111,84,2852,1938,9554,7302,9554,7302,-2.16,33.37,98.17,98.17,0,1,1,1,,1790387187,3,3,937,797,2517,2276,2517,2276,100.0
1790387173,B9C7Ehd2Ute3fuDQSzbv6QzECHUsEp1yqQ795sTdpump,Nasdaq4200,CWQFRbvFDEqjDYsneTCbqyUEFXrrCYNrPqcAggWnuMi,pumpswap,1790379660,0.000002420,2600.4,2383,2383,0,550.18,622538.67,622538.67,0,0,6,5585,11779,8541,11779,8541,,-31.86,-97.29,-97.29,0,1,2,1,,1790387187,0,0,31,6669,7539,7505,7539,7505,100.0
1790387175,fart3xZRTVH28QsS5Qtb7MXZMVJGyeKPB4aoZCdGQfH,fartdesk,phxiteQTCeG8NDbhdQBwaJKEray76bLfZn22chNV8ph,pumpswap,1790382430,0.000002740,2717.51,2632,2632,11.36,41911.24,65473.26,65473.26,0,2,271,392,596,821,596,821,-0.43,-95.39,-94.56,-94.56,0,1,1,1,,1790387187,0,2,97,134,277,278,277,278,100.0
1790387171,5MKuPuWchjezkCJLYFj9Dtr3mW3kMbWsTQdCWfnijLKe,BOOHOLD,C3mBUeYrmYF583PpNtG44SgbjcKJXi4sLjsSBL6Lt8vk,meteoradbc,1790382095,0.00005879,,58799.91,58799.91,0,0,16869.61,16869.61,0,0,0,0,324,427,324,427,,,216,216,0,0,0,1,,1790387200,0,0,0,0,148,149,148,149,
1790387173,CMuvWQ6qQbSt7NUQdPGcVKCoDgETieuqS68qu6BaeVgR,Cream,CPRoWXCgq3ELsnqsGDMLmAVRnNSmyN4k1ddc6efGdd91,pumpswap,1790381948,0.0009748,101416.75,957107,957107,162330.95,1687419.26,3067182,3067182,944,655,10197,7729,19201,16507,19201,16507,33.02,921,1826,1826,0,0,1,1,,1790387200,134,137,3700,2574,6340,4954,6340,4954,100.0
1790387173,Do4VN39zVA66MFEKUTfE2TDjAMuZ4yNHmyJHWwYhVvi9,Cream,6hnyXBi8mymwwMB5nsAd3MLERnQA34mPS66Qz1YsBzvJ,pumpswap,1790382093,0.00001603,10873.63,15761,15761,3559.16,757047.53,2193029.07,2193029.07,49,44,6323,4469,16983,12552,16983,12552,-17.38,-92.48,-65.61,-65.61,0,1,0,1,,1790387200,3,1,1664,1940,4342,3806,4342,3806,100.0
1790387174,DsJDVBeNnUYvsJEaLyhNm6xrULzVDzuAPCVCHKRCpump,AROS,2tdb41UFaTDyc1Y1jpsqoj5hQWwwirhbBm7nBzbRaRMp,pumpswap,1790382020,1.037,2988251.13,1037274249,1037274249,7624.05,38406.8,1827689.54,1827689.54,100,67,1543,878,4664,4083,4664,4083,1.12,5.29,2046521,2046521,0,0,0,1,,1790387200,20,14,570,469,689,707,689,707,100.0
1790387174,EkRK2ZVFaULuPEHyGGiUtK3kTLcMpJBRMocsJ46LCAUk,gas,9kxVVs2pHVKCG8fSZD2Pd9TAwsPCfaX47fThrB3sdET,pumpswap,1790380913,0.00007350,24526.94,70918,70918,3980.59,85631.32,1043708.63,1043708.63,31,45,845,673,8430,6774,8430,6774,6.78,-0.24,49.41,49.41,0,0,0,1,,1790387200,4,6,368,391,3061,2596,3061,2596,100.0
1790387175,Yd3BG57u53ieowSuqJCuvXmqt8KbmpsMjfFyuj4pump,facet,Cka2qDJiCbMPqhrvV1PvkyU6qsewqXdobkrCeTEdGPHZ,pumpswap,1790382153,0.00002095,11345.15,19975,19975,1204.19,68201.34,141208.58,141208.58,8,8,420,356,796,786,796,786,-18.6,-53.42,-58.6,-58.6,0,1,1,1,,1790387187,7,9,212,215,432,398,432,398,100.0
1790387173,BdzaE3T7uU59pBVDBHZVZh3yWrrpo4oPrXdv4nPDpump,JIANCO,DGvB8KyD79wFBJ7Kr7mW54qSfi7Yk3UrhJkcnTSd6frb,pumpswap,1790381214,0.00004225,18238.07,39648,39648,56.56,9525.25,50273.48,50273.48,4,2,88,65,372,365,372,365,0.21,-12.57,-27.05,-27.05,0,2,2,1,,1790387187,4,3,67,42,262,222,262,222,100.0
1790387172,8LnBUZVAPs8ZND5sR45catu4RasuovpJX6UiSGhJtpQC,TIMMY,FHXLStncegNQKcqr5wdg9vVzH6doVv9HgUq7vCM5dZTa,raydium,1790284472,0.000009636,9098.82,9636,9636,0,2015.41,16499.83,28610.53,0,0,12,20,117,104,210,209,,-42.2,134,94.32,0,1,1,1,CPMM,1790387187,0,0,10,20,76,76,128,149,100.0
1790387171,6i5MkY8G51Kki1iAus8VAi7quBbRTkUWAojUoT7mpump,METACAT,FT3ZunFDezgdzTmjgLbzg47fg7vKj77fACu8Jps53Tmq,pumpfun,1790380837,0.00002439,,24397.57,24397.57,60.21,5154.62,41060.72,41060.72,1,0,82,49,480,306,480,306,1.24,-9.29,493,493,10,0,0,1,,1790387187,2,1,52,44,291,221,291,221,100.0
1790387171,6EzCviLgMcoFhBZZUZC9jDzuPiqiVsrAv4h7h8mapump,AMERICA,9z95KY5DE4wk31UE1U1Rgyru7NMQRyk9kFcQHEDDZ34d,pumpswap,1790383404,0.000002185,2203.46,2185,2185,0,72942.98,89323.04,89323.04,0,0,2774,5020,3379,5450,3379,5450,,-99.38,-95.66,-95.66,0,0,0,1,,1790387187,0,0,1560,2447,1651,2447,1651,2447,100.0
1790387171,7HxZKnMJ6FNw88qUymNSxK9PgiE3sDANU4YavbuctnkP,e/acc,2bwkUemkTD5C11h9u1dLnkjRi5tRUupqnmEUWti17PTM,pumpswap,1790381211,0.0001287,215592.53,128736,128736,237478.03,4476529.32,10995661.3,10995661.3,183,95,2903,2021,6746,5183,6746,5183,1.54,13.73,91.26,91.26,0,0,0,1,,1790387187,23,8,825,30,1592,40,1592,40,0.000000000430665446822985
1790387173,DmB3oUjBpsXscdqcx4eYPaMaJRhRJ1oovwvjgzj7BoNA,roon,2h1jcgrpYZtaU9HCZvDhUqfzz4vQqNmJ56rNmrqZL2XC,pumpswap,1790384489,0.0002843,50674.15,284349,284349,38860.5,1262322.79,1262322.79,1262322.79,276,264,8704,7441,8704,7441,8704,7441,3.85,491,491,491,0,1,1,1,,1790387187,10,13,3074,2554,3074,2554,3074,2554,100.0
1790387171,6L51y4dqBXyUSjB5jac1V5nuJws5LJSX96VuwscKjtZo,EPM,2oK3RszqB2F215AdAF9umN8M6pmm1MZFth45xQPP12Em,meteoradbc,1790375151,0.00003582,,35828.97,35828.97,875.15,6369.08,56905.9,56905.9,23,1,85,17,513,251,513,251,7.05,35.41,565,565,0,1,1,1,,1790387187,15,1,57,13,256,150,256,150,
1790387174,GXo4tjMfYxijNBoQZFkUXcMv8as8S7qDytVGxYVKpump,HI,EUNo9M2WPsmZ7LaPH7gGpFyAL9x9TXL6NUnRJ2ZudaD5,pumpswap,1790383833,0.00005874,20339.71,55361,55361,1817.85,44481.9,44481.9,44481.9,55,554,1023,3563,1023,3563,1023,3563,2.12,19.34,19.34,19.34,0,0,1,1,,1790387187,3,7,611,470,611,470,611,470,100.0
1790387172,85ikpxaCo2F7yN8yaFXjEYbBGHMJJchNBVniwsfiFmu8,PIZZA,6SateyYuioCmub4oKiAzUMh2MgYiVbHsCyyGkxdELwLd,raydium,1790381195,0.00002212,13756.95,22128,22128,106.18,18223.56,100414.76,100414.76,3,1,120,104,698,688,698,688,2.83,-28.77,-56.09,-56.09,0,2,1,1,CPMM,1790387187,1,3,73,76,364,388,364,388,99.9999997988763
1790387172,7Xgc5RacHtGzfhw2HukUBk5V986yBbvshr7rrCoopump,DRMR,4wbt5gf46kCt9dhzNFVtAEn5PnFr56U5HTpw27TVytvV,pumpswap,1790247790,0.00006940,22821.26,65255,65255,1068,9546.34,66299.78,172535.3,9,5,97,58,858,808,1931,1588,-3.86,-7.28,-52.06,28.42,10,0,4,1,,1790387187,5,6,68,47,557,534,934,795,100.0
1790387174,EVsZpPBX1BTtWJa7J8acKiA1zi4cPWsX6wAtPWYvKTYV,AGENT,9Kg8B2rwdSt92qFMuzK7tfSy7gjp1F75CB8o4FH6xzJs,meteoradbc,1790384983,0.00005464,,54643.62,54643.62,0,5375.15,5375.15,5375.15,0,0,113,162,113,162,113,162,,157,157,157,0,0,0,1,,1790387187,0,0,77,96,77,96,77,96,
1790387170,2A9QBina44MzyS9HKG2GDPnhxrFrn75cv8evLKSuU3nk,PAID,c6VddnTPteRxMZjf7tL2EdxoNKxJkPBfset98ZDuKtt,pumpswap,1790384962,0.00002913,35896.22,29140,29140,68861.27,456447.35,456447.35,456447.35,144,125,2792,786,2792,786,2792,786,3.61,127,127,127,0,0,0,1,,1790387187,13,14,2061,54,2061,54,2061,54,0.00000000109556325877729
1790387175,dNb4FrCymiFXuXXbiq4gRe8kF3P6EMRenZvsSgJpump,e/acc,H4dZMXVZ8nUStagYnMa2YoTMZRnU196dYVTxK7uFACC,pumpswap,1790384608,0.000002184,2205.76,2184,2184,0.08,109512.6,109512.6,109512.6,0,1,5059,7086,5059,7086,5059,7086,-0.02,-95.68,-95.68,-95.68,0,0,0,1,,1790387187,0,1,2024,2456,2024,2456,2024,2456,100.0
1790387172,9WsnqeW3pCVbATd6xx4r3f8CJaXxsXXvY9t29Z4CY1UN,nyancat,8RKoxyMocBuw4tJgP7sCcDdJr215xYYz7F1hyceVRaEe,pumpswap,1790384747,0.00003600,15852.4,36009,36009,5195.16,368184.57,368184.57,368184.57,80,65,3201,2660,3201,2660,3201,2660,-3.19,-27.06,-27.06,-27.06,0,0,0,1,,1790387187,61,72,1497,1261,1497,1261,1497,1261,100.0
1790387172,9rzRfWAFzjkV7HMm36M1ZSh7JUf4S8pw6UeZdPdLpump,TRUMP,q7DaSpXBs3bW5jVqtHUYbzXrAwwEfk9by6CQ4LQskGk,pumpswap,1790384344,0.000002421,2518.57,2389,2389,0.04,398437.27,398437.27,398437.27,0,1,7638,5040,7638,5040,7638,5040,-0.94,-97.34,-97.34,-97.34,0,1,1,1,,1790387187,0,2,4460,4455,4460,4455,4460,4455,100.0
1790387172,7XomEJBtb1EiF4Z8ZVzspCKFW2UuaRkaiq3AJJCFpump,e/cat,Eoakoye4ne6tPp6ou5TZo46qCafPvQpUPpKcqubV38TK,pumpswap,1790386020,0.0001620,35977.12,162024,162024,117934.53,421502.25,421502.25,421502.25,670,177,1360,575,1360,575,1360,575,-13.93,59.2,59.2,59.2,0,1,1,1,,1790387187,119,18,534,116,534,116,534,116,
1790387174,GT5FKgCGWgDdmwNNAEWdG91qgMZ2UctBYb7TeNYCmoon,OFFWORLD,2pkHkwbC5gwDFwCMob2zb4qDBCEU1wr4fLHokF4VHzmd,pumpswap,1790386781,0.0001015,29565.45,95897,95897,4546.38,7081.02,7081.02,7081.02,31,13,36,15,36,15,36,15,43.62,68.04,68.04,68.04,0,1,1,1,,1790387187,,,,,,,,,100.0
1790387172,9NyBpUhofRBe9VDCLDDEYhPDYBPcEiYfQDaGnUFrjDwt,GROKPOD,Bh8XPiJpZXs8e6XzHY11VcPwyjBZwZg1t1K3SogyNnfa,pumpswap,1790386201,0.00004307,17105.5,43049,43049,8990.57,69891.24,69891.24,69891.24,101,83,635,608,635,608,635,608,110,-13.9,-13.9,-13.9,0,1,1,1,,1790387187,1,7,335,263,335,263,335,263,100.0
1790387173,B1wx2DwNV3CLBRrzG2Nz4hDmeXg1B3Riu648WDh7paid,BANKS,H9JXyzQmgcGi7FhRmEQ6BEFJyVTaNF3MPWZ6tZvTdw1W,pumpswap,1790387068,0.00009066,25881.65,90669,90669,58443.61,58443.61,58443.61,58443.61,567,355,567,355,567,355,567,355,83.08,83.08,83.08,83.08,0,0,0,1,,1790387187,123,51,223,100,223,100,223,100,
1790387170,26BUcvg3Lt3z5F5QC2Z9m4gWuFPr1wNG3gP2qxs6sZX7,DDOS,BTmqvj2FwLhr3vKnn9K9UUEiCdTcLEBmF3DNkQnbAmrM,meteora,1790387053,0.00001774,27140.16,17744,17744,59894.77,59894.77,59894.77,59894.77,455,303,455,303,455,303,455,303,70.96,70.96,70.96,70.96,0,0,0,1,DYN2,1790387187,107,34,239,48,239,48,239,48,
1790387174,FDT6covXXFxPzu1dZEFTcgnNEW3VUJ3SwTAMTX2E2ThR,DDOS,Axv2y3UZdGPYiiWhLjqpuHtWVJW8J89EoULa7uDXTNS,meteora,1790387067,0.00001234,22635.03,12342,12342,27663.19,27663.19,27663.19,27663.19,143,112,143,112,143,112,143,112,18.91,18.91,18.91,18.91,0,0,0,1,DYN2,1790387187,49,46,66,50,66,50,66,50,
1790387172,9LnufUxbgFwHJu9SmWsZhA5H2u9AFwQjYK5Gwtzepump,BLUEPRINT,EsdSTHtSiebxRStCYYK3zdBJsAK4d5vsCzVtx9a9fATP,pumpswap,1790387044,0.0005281,65276.01,528125,528125,35505.47,35505.47,35505.47,35505.47,495,399,495,399,495,399,495,399,941,941,941,941,0,0,0,1,,1790387187,132,108,397,288,397,288,397,288,
1790387174,EgSremXAK5RSNo5EgSX4uDS2NSFUFPHXCcM2dR2EJrJ9,Groyper,CpK7RCxPr2D1P5RKriqMDWYMTCFYEnYa6kDs84DRu12D,pumpswap,1790387058,0.00001246,22831.5,12468,12468,33274.89,33274.89,33274.89,33274.89,387,119,387,119,387,119,387,119,19.78,19.78,19.78,19.78,0,0,0,1,,1790387187,125,23,260,42,260,42,260,42,
1790387171,558hgR89ttJdJUWC7dkgKytyXtmx3bKeVNW1jGkApump,Robinhood,GMs8mDuoiKEL9mdrkGv6SRwbJBznzc2M2bR3YzPNBKRL,pumpswap,1790386373,0.0003411,52416.18,341165,341165,59874.83,192877.11,192877.11,192877.11,1536,1268,3948,3304,3948,3304,3948,3304,69.82,574,574,574,0,0,0,1,,1790387187,150,124,2316,2230,2316,2230,2316,2230,
1790387175,zpTj1yA68UauZqdz5276qrpTV7ALkeoLp9LLa7Bpump,DDOS,EuDAiu3ZeWQ6tZomufzVeK7TsLnmyDra3VrU4syhpgHh,pumpswap,1790387138,0.00006846,22131.68,68465,68465,15222.65,15222.65,15222.65,15222.65,127,124,127,124,127,124,127,124,38.4,38.4,38.4,38.4,0,0,0,1,,1790387187,,,,,,,,,
